ingredient_id,name,category
1,燕麥(即食燕麥片),全榖雜糧類
2,鬆餅粉,加工調理食品及其他類
3,雞蛋,豆魚蛋肉類
4,鮮奶或牛奶,乳品類
5,熟黑芝麻,油脂與堅果種子類
6,花生糖粉,調味料及香辛料類
7,話梅,加工調理食品及其他類
8,番茄,蔬菜類
9,冰糖,糖類
10,水,未分類
11,桂竹筍,蔬菜類
12,福菜,蔬菜類
13,雞架子,豆魚蛋肉類
14,蒜頭,調味料及香辛料類
15,薑片,調味料及香辛料類
16,生辣椒,加工調理食品及其他類
17,鹽,加工調理食品及其他類
18,醬油,調味料及香辛料類
19,糖,調味料及香辛料類
20,地瓜,蔬菜類
21,木薯粉,全榖雜糧類
22,二砂,糖類
23,水(必要時使用),未分類
24,米酒,加工調理食品及其他類
25,蠔油,調味料及香辛料類
26,香油,調味料及香辛料類
27,砂糖,糖類
28,味精,調味料及香辛料類
29,五香粉,調味料及香辛料類
30,黑胡椒粉,調味料及香辛料類
31,白胡椒粉,調味料及香辛料類
32,冷水,加工調理食品及其他類
33,去骨雞胸肉,豆魚蛋肉類
34,萬用醃料,調味料及香辛料類
35,地瓜粉,加工調理食品及其他類
36,九層塔,蔬菜類
37,辣椒粉,調味料及香辛料類
38,白胡椒鹽,調味料及香辛料類
39,不倒翁煎餅粉,加工調理食品及其他類
40,開水,未分類
41,中型透抽（軟足類海鮮皆可),豆魚蛋肉類
42,洋蔥,蔬菜類
43,蔥,蔬菜類
44,胡蘿蔔絲,蔬菜類
45,白醋,豆魚蛋肉類
46,白芝麻、洋蔥碎、蔥花,蔬菜類
47,桃子,水果類
48,鷹嘴豆,豆魚蛋肉類
49,1/2海苔片,調味料及香辛料類
50,白芝麻（裝飾用）,油脂與堅果種子類
51,粉絲,加工調理食品及其他類
52,紅蘿蔔,蔬菜類
53,沙朗牛肉片,豆魚蛋肉類
54,紹興酒,加工調理食品及其他類
55,小蘇打,未分類
56,李錦記舊庄特級蠔油,調味料及香辛料類
57,李錦記頭道醇鮮醬油,調味料及香辛料類
58,蛋白,豆魚蛋肉類
59,玉米澱粉,全榖雜糧類
60,水（醃製用）,加工調理食品及其他類
61,蛋黃,豆魚蛋肉類
62,麵粉,全榖雜糧類
63,青芒果,水果類
64,百香果,水果類
65,汽水,未分類
66,青蔥,蔬菜類
67,玉米粒,全榖雜糧類
68,黑胡椒,加工調理食品及其他類
69,中筋麵粉,全榖雜糧類
70,木薯粉(太白粉),全榖雜糧類
71,雞蛋豆腐,加工調理食品及其他類
72,鹹蛋黃,豆魚蛋肉類
73,鹹蛋白,豆魚蛋肉類
74,紅辣椒,蔬菜類
75,玉米粉（或太白粉）,全榖雜糧類
76,冷開水,加工調理食品及其他類
77,蔥花,蔬菜類
78,全聯賣的五花肉,豆魚蛋肉類
79,大蒜,調味料及香辛料類
80,蔥2,蔬菜類
81,喝剩的可樂（也可以不加）,未分類
82,櫛瓜,蔬菜類
83,洋蔥(小),蔬菜類
84,高麗菜,蔬菜類
85,火腿,加工調理食品及其他類
86,白蘿蔔,蔬菜類
87,青花菜,蔬菜類
88,玉米筍,蔬菜類
89,鴻禧菇,蔬菜類
90,雪白菇,蔬菜類
91,火鍋肉片,豆魚蛋肉類
92,味醂,調味料及香辛料類
93,洋蔥泥,蔬菜類
94,蘿蔔泥,蔬菜類
95,鹽巴,油脂與堅果種子類
96,豬絞肉(粗),豆魚蛋肉類
97,板豆腐,加工調理食品及其他類
98,粉絲(冬粉),加工調理食品及其他類
99,乾香菇(大),蔬菜類
100,辣椒(可略),調味料及香辛料類
101,水(含香菇水),未分類
102,辣豆瓣醬,調味料及香辛料類
103,剝皮辣椒,加工調理食品及其他類
104,鮮香菇,蔬菜類
105,雞腿肉,豆魚蛋肉類
106,雞精,加工調理食品及其他類
107,香蕉,水果類
108,白糖,豆魚蛋肉類
109,牛奶,水果類
110,芝麻（灑表面）,調味料及香辛料類
111,圓櫛,油脂與堅果種子類
112,彩椒,蔬菜類
113,雞胸肉,豆魚蛋肉類
114,豆腐,加工調理食品及其他類
115,起司絲,蔬菜類
116,巴西里末,蔬菜類
117,牛里肌或板腱,豆魚蛋肉類
118,空心菜,蔬菜類
119,辣椒,蔬菜類
120,白飯,全榖雜糧類
121,醬油膏或蔭油,調味料及香辛料類
122,太白粉或玉米粉,全榖雜糧類
123,棕櫚糖或二砂,糖類
124,烏醋,調味料及香辛料類
125,豬絞肉,豆魚蛋肉類
126,豆瓣醬,調味料及香辛料類
127,清水,未分類
128,肉絲,豆魚蛋肉類
129,蝦仁,豆魚蛋肉類
130,蒜頭切片,調味料及香辛料類
131,韮黃,蔬菜類
132,土雞腿去骨,豆魚蛋肉類
133,酪梨油或習慣用油,油脂與堅果種子類
134,天時野櫻莓果醋,調味料及香辛料類
135,檸檬汁,水果類
136,蒜瓣(中型),調味料及香辛料類
137,香菜,調味料及香辛料類
138,黑胡椒粒,加工調理食品及其他類
139,酪梨,水果類
140,厚片吐司,全榖雜糧類
141,奇異果,水果類
142,冷凍覆盆莓,水果類
143,去骨土雞腿,豆魚蛋肉類
144,油,油脂與堅果種子類
145,長糯米,全榖雜糧類
146,圓糯米,全榖雜糧類
147,香油麻油,調味料及香辛料類
148,蝦米,豆魚蛋肉類
149,乾香菇泡水,蔬菜類
150,蒜塩,調味料及香辛料類
151,芋頭,全榖雜糧類
152,煉乳,乳品類
153,二砂糖,糖類
154,奶油,油脂與堅果種子類
155,太白粉,加工調理食品及其他類
156,食用油,油脂與堅果種子類
157,在來米粉/蘿蔔糕粉,蔬菜類
158,豬絞肉(細絞),豆魚蛋肉類
159,竹山乾香菇(大),蔬菜類
160,蝦皮或蝦米,豆魚蛋肉類
161,油蔥酥,調味料及香辛料類
162,香菇,蔬菜類
163,芹菜末,蔬菜類
164,豬肉絲,豆魚蛋肉類
165,薑末薑泥,豆魚蛋肉類
166,溫水,未分類
167,速發酵母,調味料及香辛料類
168,芝麻（可省）,油脂與堅果種子類
169,雞里肌肉,豆魚蛋肉類
170,馬鈴薯,全榖雜糧類
171,紅蘿蔔(小),豆魚蛋肉類
172,洋蔥(中),蔬菜類
173,九層塔（可略）,蔬菜類
174,日式咖哩塊,調味料及香辛料類
175,小磨坊椰漿,調味料及香辛料類
176,醬油膏,調味料及香辛料類
177,米酒（料理酒）,加工調理食品及其他類
178,鮮奶,乳品類
179,鮮奶油,油脂與堅果種子類
180,吉利丁片,未分類
181,白色細砂糖,調味料及香辛料類
182,香草精,未分類
183,布丁杯,乳品類
184,蛤蜊,豆魚蛋肉類
185,魷魚片,豆魚蛋肉類
186,豬肉片,豆魚蛋肉類
187,芹菜,蔬菜類
188,牛肉碎,豆魚蛋肉類
189,韓式烤肉醬,調味料及香辛料類
190,生粉,油脂與堅果種子類
191,上湯,未分類
192,蒜/蒜茸,未分類
193,芝蔴,油脂與堅果種子類
194,豬絞肉3肥7瘦,豆魚蛋肉類
195,醃瓜仔,加工調理食品及其他類
196,荸薺,全榖雜糧類
197,在來米粉,加工調理食品及其他類
198,淨水,未分類
199,台灣竹山乾香菇(大),蔬菜類
200,台灣蝦皮,豆魚蛋肉類
201,台灣油蔥酥,調味料及香辛料類
202,南瓜,蔬菜類
203,乾香菇,蔬菜類
204,梅花豬肉絲,豆魚蛋肉類
205,米,全榖雜糧類
206,白胡椒,調味料及香辛料類
207,小黃瓜,水果類
208,細砂糖,糖類
209,盒裝豆腐,加工調理食品及其他類
210,金針菇,蔬菜類
211,青蔥切段,蔬菜類
212,水煮玉米,全榖雜糧類
213,白芝麻,油脂與堅果種子類
214,花生醬及椰奶,調味料及香辛料類
215,沙茶醬及醬油,調味料及香辛料類
216,奶油乳酪,油脂與堅果種子類
217,布丁,乳品類
218,蓬萊米粉,加工調理食品及其他類
219,豬肉(毽子肉),豆魚蛋肉類
220,老薑片,蔬菜類
221,蒜瓣,調味料及香辛料類
222,全脂鮮奶,乳品類
223,優格,乳品類
224,白芝麻醬,調味料及香辛料類
225,橄欖油,油脂與堅果種子類
226,孜然粉,加工調理食品及其他類
227,煙燻紅椒粉,加工調理食品及其他類
228,豬里肌肉片,豆魚蛋肉類
229,蒜泥,調味料及香辛料類
230,四季豆,加工調理食品及其他類
231,長辣椒,蔬菜類
232,朝天椒,蔬菜類
233,黑醋,水果類
234,韓國魚露,調味料及香辛料類
235,石斑魚片,豆魚蛋肉類
236,黃檸檬,水果類
237,拉麵,加工調理食品及其他類
238,大蝦,豆魚蛋肉類
239,糖心蛋,未分類
240,蔥白,蔬菜類
241,蔥綠,蔬菜類
242,小番茄,蔬菜類
243,三色腐竹絲,蔬菜類
244,洋蔥絲,蔬菜類
245,「烹大師」干貝風味,調味料及香辛料類
246,「烹大師」昆布風味,調味料及香辛料類
247,丁香魚,豆魚蛋肉類
248,柴魚片,豆魚蛋肉類
249,金蘭無添加原味醬油,調味料及香辛料類
250,油豆腐,加工調理食品及其他類
251,蒜味花生米,豆魚蛋肉類
252,乾辣椒段,蔬菜類
253,花椒粒,調味料及香辛料類
254,薑,調味料及香辛料類
255,番茄醬,蔬菜類
256,胡椒粉,調味料及香辛料類
257,高筋麵粉,全榖雜糧類
258,蝶豆花粉,加工調理食品及其他類
259,奶粉,乳品類
260,梯形吐司盒(大),全榖雜糧類
261,梯形吐司盒(小),全榖雜糧類
262,三層肉,豆魚蛋肉類
263,白北魚,豆魚蛋肉類
264,胡蘿蔔,蔬菜類
265,海鹽,調味料及香辛料類
266,紅蘿蔔絲,加工調理食品及其他類
267,韭菜,加工調理食品及其他類
268,蔥末,蔬菜類
269,韓式辣椒粉,調味料及香辛料類
270,薑泥,蔬菜類
271,魚露,調味料及香辛料類
272,米醋,調味料及香辛料類
273,羅漢果糖,糖類
274,芝麻油,油脂與堅果種子類
275,大蒜切末,調味料及香辛料類
276,無鹽奶油,油脂與堅果種子類
277,玫瑰鹽/海鹽,蔬菜類
278,羅勒葉粉,加工調理食品及其他類
279,豆干,加工調理食品及其他類
280,家常豆腐,加工調理食品及其他類
281,牛番茄,蔬菜類
282,橙蜜小番茄,蔬菜類
283,玉女小番茄,蔬菜類
284,桂花釀（或蜂蜜）,未分類
285,水蓮,調味料及香辛料類
286,蘑菇,蔬菜類
287,木耳,蔬菜類
288,松阪豬,豆魚蛋肉類
289,蒜片,調味料及香辛料類
290,海帶芽,蔬菜類
291,柴魚粉,調味料及香辛料類
292,蛋液,豆魚蛋肉類
293,柴魚湯包,豆魚蛋肉類
294,魚乾,豆魚蛋肉類
295,甜豆,豆魚蛋肉類
296,蒜末,調味料及香辛料類
297,小里肌豬肉,豆魚蛋肉類
298,玉米粉,全榖雜糧類
299,雞肉,豆魚蛋肉類
300,蔥（切段）,調味料及香辛料類
301,香菇水,未分類
302,蘋果醋,水果類
303,市售蝦仁漿或魚漿,豆魚蛋肉類
304,米酒頭,加工調理食品及其他類
305,雞粉,調味料及香辛料類
306,市場手工水餃皮（小）,加工調理食品及其他類
307,糖粉,調味料及香辛料類
308,雞蛋液,豆魚蛋肉類
309,低筋麵粉,全榖雜糧類
310,抹茶粉,調味料及香辛料類
311,植物油,油脂與堅果種子類
312,黑糖,加工調理食品及其他類
313,乳清蛋白粉,加工調理食品及其他類
314,可可粉,加工調理食品及其他類
315,即溶咖啡粉,加工調理食品及其他類
316,鹽之花,加工調理食品及其他類
317,無糖優格,乳品類
318,蜂蜜,糖類
319,大紅辣椒,調味料及香辛料類
320,黃金鮮腐竹（全聯）,水果類
321,蒜碎,調味料及香辛料類
322,蔥段,蔬菜類
323,地瓜泥,豆魚蛋肉類
324,椰蓉或起司粉（灑表面）,乳品類
325,消化餅乾,全榖雜糧類
326,融化無鹽奶油,油脂與堅果種子類
327,檸檬皮屑,水果類
328,酸奶油,油脂與堅果種子類
329,8寸活動蛋糕模具,未分類
330,烤盤紙（底部、周圍）,未分類
331,盒裝板豆腐,加工調理食品及其他類
332,冬粉,加工調理食品及其他類
333,青蔥末,蔬菜類
334,熟香蕉,水果類
335,大燕麥片,全榖雜糧類
336,蛋,豆魚蛋肉類
337,參考份量,未分類
338,草莓優格飲,水果類
339,吉利丁粉,加工調理食品及其他類
340,草莓丁,水果類
341,草莓,水果類
342,奇福餅乾,全榖雜糧類
343,李錦記蠔油,調味料及香辛料類
344,牛絞肉,豆魚蛋肉類
345,巴西里,蔬菜類
346,水餃皮,加工調理食品及其他類
347,Pig絞肉,豆魚蛋肉類
348,薑末,蔬菜類
349,龜甲萬甘醇醬油,調味料及香辛料類
350,薑絲,蔬菜類
351,冬瓜（全聯）,蔬菜類
352,酵母,乳品類
353,杏仁,加工調理食品及其他類
354,白木耳,蔬菜類
355,鴻喜菇,蔬菜類
356,高湯,調味料及香辛料類
357,椰漿,調味料及香辛料類
358,奶水,加工調理食品及其他類
359,香茅,調味料及香辛料類
360,檸檬葉,水果類
361,南薑,蔬菜類
362,檸檬,水果類
363,杏仁粉,全榖雜糧類
364,洋菜粉,蔬菜類
365,罐頭水蜜桃,水果類
366,十穀米,全榖雜糧類
367,桂圓肉,豆魚蛋肉類
368,紅棗,水果類
369,泡發黑木耳,蔬菜類
370,白米,全榖雜糧類
371,綠豆麥角,豆魚蛋肉類
372,鹽麴,油脂與堅果種子類
373,杏鮑菇,蔬菜類
374,透抽,豆魚蛋肉類
375,美白菇,蔬菜類
376,蒜香黑胡椒鹽,調味料及香辛料類
377,牛肉里肌火鍋片,豆魚蛋肉類
378,章魚竹輪,豆魚蛋肉類
379,蘋果,水果類
380,味噌,調味料及香辛料類
381,愛之味韓式泡菜,加工調理食品及其他類
382,青椒,蔬菜類
383,泡菜汁,加工調理食品及其他類
384,全蛋,豆魚蛋肉類
385,低粉,全榖雜糧類
386,肉桂粉,調味料及香辛料類
387,水煮蛋,豆魚蛋肉類
388,水煮玉米鮪魚罐,全榖雜糧類
389,烤雞腿肉,豆魚蛋肉類
390,低脂美乃滋,加工調理食品及其他類
391,生菜,蔬菜類
392,蛋餅皮,加工調理食品及其他類
393,黑木耳,蔬菜類
394,蒟蒻,全榖雜糧類
395,香菜根,蔬菜類
396,椒麻油,油脂與堅果種子類
397,黑芝麻,油脂與堅果種子類
398,紫蘇梅,蔬菜類
399,腰內肉,豆魚蛋肉類
400,清酒,加工調理食品及其他類
401,霜降牛肉,豆魚蛋肉類
402,紅酒,加工調理食品及其他類
403,現磨黑胡椒,調味料及香辛料類
404,現磨海鹽,未分類
405,吻仔魚,豆魚蛋肉類
406,卷葉萵苣,蔬菜類
407,糙米,全榖雜糧類
408,栗子地瓜,蔬菜類
409,韓國蜂蜜柚子醬,調味料及香辛料類
410,去骨雞腿肉2支,豆魚蛋肉類
411,紅蘿蔔末,加工調理食品及其他類
412,檸檬皮,水果類
413,海帶,蔬菜類
414,豆芽菜,蔬菜類
415,五香豆干,加工調理食品及其他類
416,韓國麻油(香油),調味料及香辛料類
417,白芝麻(熟),油脂與堅果種子類
418,韓式泡菜,加工調理食品及其他類
419,黃豆芽菜,豆魚蛋肉類
420,紅黎麥蒟蒻飯,全榖雜糧類
421,鹽巴白胡椒粉,調味料及香辛料類
422,各式鮮蔬,蔬菜類
423,鮭魚,豆魚蛋肉類
424,照燒醬,調味料及香辛料類
425,海苔,調味料及香辛料類
426,糖漬栗子,加工調理食品及其他類
427,味霖,加工調理食品及其他類
428,細糖,糖類
429,嫩豆腐,加工調理食品及其他類
430,和風醬油,調味料及香辛料類
431,時蔬,蔬菜類
432,雜糧粉,全榖雜糧類
433,味增,加工調理食品及其他類
434,豆漿,加工調理食品及其他類
435,栗子,蔬菜類
436,昆布,蔬菜類
437,味淋,加工調理食品及其他類
438,任何喜歡的蔬菜,蔬菜類
439,柴魚高湯,豆魚蛋肉類
440,日式醬油,調味料及香辛料類
441,小烤模,未分類
442,泡打粉,加工調理食品及其他類
443,綜合堅果,加工調理食品及其他類
444,糯米粉,全榖雜糧類
445,燕麥片,全榖雜糧類
446,蒟蒻丁,全榖雜糧類
447,藍莓,蔬菜類
448,杏仁片堅果,糖類
449,番紅花,油脂與堅果種子類
450,雞高湯,調味料及香辛料類
451,大蒜（切碎）,調味料及香辛料類
452,洋蔥（切丁）,蔬菜類
453,五穀米,全榖雜糧類
454,蘑菇（切片）,蔬菜類
455,紅椒（切片）,豆魚蛋肉類
456,青椒（切片）,豆魚蛋肉類
457,小蕃茄（對切）,調味料及香辛料類
458,茄子（滾刀切塊）,蔬菜類
459,綠橄欖,油脂與堅果種子類
460,酸豆,豆魚蛋肉類
461,牛蕃茄（切塊）,調味料及香辛料類
462,紅酒醋,調味料及香辛料類
463,冰開水,未分類
464,紅椒末,蔬菜類
465,新鮮巴西利末,蔬菜類
466,墨西哥捲餅皮,加工調理食品及其他類
467,紅椒,調味料及香辛料類
468,牛蕃茄,蔬菜類
469,茄子,蔬菜類
470,新鮮巴西利葉末,蔬菜類
471,北非小米,全榖雜糧類
472,熱水,加工調理食品及其他類
473,蕃茄醬,調味料及香辛料類
474,紅椒粉,調味料及香辛料類
475,烏龍茶葉,未分類
476,薄荷枝葉,蔬菜類
477,苜蓿芽,蔬菜類
478,蒜仁,加工調理食品及其他類
479,小蕃茄,蔬菜類
480,胡椒,調味料及香辛料類
481,美式咖啡,未分類
482,熱牛奶,水果類
483,淡菜,蔬菜類
484,石斑魚塊,豆魚蛋肉類
485,草蝦,豆魚蛋肉類
486,豆蔻粉,豆魚蛋肉類
487,白醬,調味料及香辛料類
488,蕃茄鮮魚高湯,蔬菜類
489,新鮮巴西利,蔬菜類
490,法國麵包,蔬菜類
491,百里香,水果類
492,迷迭香,調味料及香辛料類
493,巴西利,蔬菜類
494,西班牙紅椒粉,加工調理食品及其他類
495,青蘋果（切片）,水果類
496,鳳梨片,水果類
497,綜合生菜,蔬菜類
498,小黃瓜片,水果類
499,蒸熟地瓜,全榖雜糧類
500,切達乳酪,乳品類
501,熱紅茶,加工調理食品及其他類
502,生薑末,未分類
503,牛肉火鍋片,豆魚蛋肉類
504,黑糖蜜,糖類
505,韓國麻油,油脂與堅果種子類
506,韓國冬粉,加工調理食品及其他類
507,韓國辣椒粉,調味料及香辛料類
508,秀珍菇,蔬菜類
509,乾辣椒片,蔬菜類
510,香菜碎,調味料及香辛料類
511,紅蔥頭（切片）,蔬菜類
512,羅望子醬,調味料及香辛料類
513,熱水或高湯,未分類
514,鮮蚵,加工調理食品及其他類
515,小卷,加工調理食品及其他類
516,白蝦仁,豆魚蛋肉類
517,韓式煎餅粉,加工調理食品及其他類
518,蟹味棒,加工調理食品及其他類
519,五香滷包,調味料及香辛料類
520,薄鹽醬油,調味料及香辛料類
521,培根,加工調理食品及其他類
522,起司,全榖雜糧類
523,玉米粒(熟),油脂與堅果種子類
524,去骨雞腿肉,豆魚蛋肉類
525,綠豆芽,蔬菜類
526,西芹,蔬菜類
527,白靈菇,蔬菜類
528,雞骨蔬菜高湯,豆魚蛋肉類
529,八角,調味料及香辛料類
530,花椒,調味料及香辛料類
531,原味優格,油脂與堅果種子類
532,什錦水果丁,水果類
533,原味堅果,油脂與堅果種子類
534,新鮮香草花葉,未分類
535,蕃茄片,蔬菜類
536,煙燻鮭魚片,豆魚蛋肉類
537,酪梨（切塊）,水果類
538,綠花椰,蔬菜類
539,甜椒（切絲）,蔬菜類
540,蕃茄（切塊）,調味料及香辛料類
541,溫泉蛋,豆魚蛋肉類
542,洋蔥碎,蔬菜類
543,紅蘿蔔碎,加工調理食品及其他類
544,地瓜（切塊）,全榖雜糧類
545,柴魚昆布高湯,豆魚蛋肉類
546,牛蒡絲,蔬菜類
547,野蓮莖（切段）,蔬菜類
548,冰水,糖類
549,蕎麥麵,全榖雜糧類
550,里芋,蔬菜類
551,白味噌,調味料及香辛料類
552,昆布柴魚高湯,豆魚蛋肉類
553,壽喜燒醬,調味料及香辛料類
554,白蘿蔔泥,蔬菜類
555,梅干,加工調理食品及其他類
556,紫蘇葉,蔬菜類
557,洛神蜜餞,蔬菜類
558,小豆苗,蔬菜類
559,新鮮百里香,調味料及香辛料類
560,新鮮香草花葉（可省略）,未分類
561,洛神果醬,調味料及香辛料類
562,鮭魚肉,豆魚蛋肉類
563,洋蔥丁,蔬菜類
564,麵包粉,調味料及香辛料類
565,五穀飯,全榖雜糧類
566,小豆苗或生菜,蔬菜類
567,甜椒絲,蔬菜類
568,玉米筍、綠花椰、小蕃茄,全榖雜糧類
569,醣心蛋,豆魚蛋肉類
570,紫蘇葉（切絲）,蔬菜類
571,柚子醋醬,調味料及香辛料類
572,淡醬油,調味料及香辛料類
573,黑胡椒粗粒,加工調理食品及其他類
574,鯖魚,豆魚蛋肉類
575,紫米飯,全榖雜糧類
576,無糖莓果茶,加工調理食品及其他類
577,三色豆,加工調理食品及其他類
578,低卡美乃滋,加工調理食品及其他類
579,"鹽巴,黑胡椒粉,細砂糖",調味料及香辛料類
580,花椰菜,蔬菜類
581,柴魚醬油,調味料及香辛料類
582,筍片,加工調理食品及其他類
583,肉片,豆魚蛋肉類
584,青菜,蔬菜類
585,海苔絲,調味料及香辛料類
586,葡萄柚,水果類
587,"紅蘿蔔絲,小黃瓜絲",加工調理食品及其他類
588,蘆筍,蔬菜類
589,紫高麗菜,蔬菜類
590,甜椒,蔬菜類
591,泡菜,加工調理食品及其他類
592,"毛豆,紅蘿蔔片",加工調理食品及其他類
593,涼拌黑木耳,蔬菜類
594,涼拌牛蒡絲,蔬菜類
595,涼拌海帶絲,蔬菜類
596,微糖檸檬紅茶,水果類
597,無糖豆漿,加工調理食品及其他類
598,小黃瓜絲,蔬菜類
599,哈密瓜,水果類
600,涼拌海帶芽絲,蔬菜類
601,豬排（里肌肉）,豆魚蛋肉類
602,檸檬角,水果類
603,香茅（切碎）,未分類
604,紅蔥頭（切碎）,蔬菜類
605,鯛魚片,豆魚蛋肉類
606,秋葵,蔬菜類
607,鳳梨,水果類
608,蕃茄,蔬菜類
609,紅蔥頭,蔬菜類
610,辣椒丁,蔬菜類
611,高湯或水,調味料及香辛料類
612,羅望子漿,未分類
613,椰奶,調味料及香辛料類
614,煉奶,油脂與堅果種子類
615,糖漬李子果漿,加工調理食品及其他類
616,冰塊,糖類
617,紅肉李,水果類
618,冰糖（細）,糖類
619,五花肉片,豆魚蛋肉類
620,豆芽,蔬菜類
621,韭菜（切段）,未分類
622,大陸妹、薄荷、紫蘇,蔬菜類
623,越式煎薄餅粉,加工調理食品及其他類
624,紅蔥頭（切末）,蔬菜類
625,青蔥（切末）,蔬菜類
626,辣椒末,蔬菜類
627,河粉,調味料及香辛料類
628,杏鮑菇(切絲）,蔬菜類
629,芒果,水果類
630,百香果(約3顆果肉),水果類
631,椰子,調味料及香辛料類
632,椰子水,調味料及香辛料類
633,純發酵奶油,油脂與堅果種子類
634,越南辣椒醬,調味料及香辛料類
635,檸檬皮(約1/4),水果類
636,筊白筍,蔬菜類
637,娃娃菜,蔬菜類
638,鰹魚醬油,調味料及香辛料類
639,毛豆,豆魚蛋肉類
640,綜合水果,加工調理食品及其他類
641,無糖紅茶,加工調理食品及其他類
642,越南春捲皮,加工調理食品及其他類
643,越南米線,全榖雜糧類
644,白甜蝦,豆魚蛋肉類
645,綠豆苗,豆魚蛋肉類
646,九層塔薄荷葉,蔬菜類
647,米飯,全榖雜糧類
648,胡麻醬,調味料及香辛料類
649,芝麻粒,油脂與堅果種子類
650,紅黃彩椒,調味料及香辛料類
651,火龍果,水果類
652,五花肉,豆魚蛋肉類
653,酸菜,加工調理食品及其他類
654,櫻桃,水果類
655,飯,加工調理食品及其他類
656,陽春麵,加工調理食品及其他類
657,小白菜,蔬菜類
658,皮蛋,豆魚蛋肉類
659,李子,水果類
660,蘋果醋飲,水果類
661,市售芝麻醬,調味料及香辛料類
662,隔夜飯,豆魚蛋肉類
663,芹菜珠,蔬菜類
664,白肉火龍果,水果類
665,鮮果蛋沙拉,調味料及香辛料類
666,紅蔥,蔬菜類
667,青江菜,蔬菜類
668,咖啡粉,調味料及香辛料類
669,錫蘭茶包,未分類
670,八穀米飯(熟),全榖雜糧類
671,乾酵母,調味料及香辛料類
672,去骨雞腿,豆魚蛋肉類
673,山葵醬,調味料及香辛料類
674,盒裝嫩豆腐,加工調理食品及其他類
675,香菇素蠔油,調味料及香辛料類
676,新鮮香菇,蔬菜類
677,太白粉(黏著用),未分類
678,鮮蝦(11尾),加工調理食品及其他類
679,豬絞肉(梅花肉),豆魚蛋肉類
680,香蒜粉,調味料及香辛料類
681,雞腿,蔬菜類
682,黎麥,全榖雜糧類
683,油醋,油脂與堅果種子類
684,大黃瓜,蔬菜類
685,麵條,加工調理食品及其他類
686,西瓜塊,水果類
687,西瓜汁,水果類
688,氣泡水,未分類
689,薄荷葉,蔬菜類
690,蔥薑,蔬菜類
691,雪菜,蔬菜類
692,糙米飯,全榖雜糧類
693,生豆皮,加工調理食品及其他類
694,黃瓜,蔬菜類
695,上色醬油,調味料及香辛料類
696,黏著用太白粉水,調味料及香辛料類
697,菇類,蔬菜類
698,蔥絲,蔬菜類
699,原味白芝麻醬,調味料及香辛料類
700,原味玉米片,全榖雜糧類
701,煙燻鮭魚,調味料及香辛料類
702,蔓越莓綜合果乾,水果類
703,各式鮮果,水果類
704,各式生菜,蔬菜類
705,無糖豆乳,豆魚蛋肉類
706,鮮蝦,豆魚蛋肉類
707,蛤蠣,豆魚蛋肉類
708,鯛魚,豆魚蛋肉類
709,烏龍麵,加工調理食品及其他類
710,番茄罐頭,蔬菜類
711,西洋芹,調味料及香辛料類
712,月桂葉,蔬菜類
713,白蝦,豆魚蛋肉類
714,義大利千層麵,調味料及香辛料類
715,初榨橄欖油,油脂與堅果種子類
716,高麗菜絲,蔬菜類
717,金桔,調味料及香辛料類
718,昆布醬油,調味料及香辛料類
719,海帶芽絲,蔬菜類
720,昆布高湯,調味料及香辛料類
721,魚板,加工調理食品及其他類
722,蛤勵,豆魚蛋肉類
723,十穀米飯,全榖雜糧類
724,即食燕麥片,全榖雜糧類
725,低脂牛奶,調味料及香辛料類
726,三色綜合蔬菜,蔬菜類
727,低脂鮮奶,乳品類
728,五穀粉或薏仁粉,全榖雜糧類
729,各式海鮮,調味料及香辛料類
730,各式鮮菇類,蔬菜類
731,各式蔬菜類,蔬菜類
732,松茸菇or菇類,蔬菜類
733,穀物麵包,蔬菜類
734,紫洋蔥,蔬菜類
735,乳酪起司,乳品類
736,覆盆子,水果類
737,腰果碎,加工調理食品及其他類
738,吉利丁粉(1/2茶匙),加工調理食品及其他類
739,太白粉水,調味料及香辛料類
740,辣椒絲,蔬菜類
741,葵遙甘薯,全榖雜糧類
742,柴魚香鬆,加工調理食品及其他類
743,海苔片,蔬菜類
744,牛肉里肌火鍋肉片,豆魚蛋肉類
745,全麥吐司,全榖雜糧類
746,美乃滋,加工調理食品及其他類
747,市售堅果飲隨身包,未分類
748,毛豆(熟),油脂與堅果種子類
749,菠菜,蔬菜類
750,市售柚子醬,調味料及香辛料類
751,盒裝涼拌豆腐,加工調理食品及其他類
752,火鍋牛肉片,豆魚蛋肉類
753,寬冬粉,加工調理食品及其他類
754,韓式辣醬,調味料及香辛料類
755,火鍋料,豆魚蛋肉類
756,壽司海苔片,蔬菜類
757,肉鬆,加工調理食品及其他類
758,蟹肉棒,豆魚蛋肉類
759,壽司米,調味料及香辛料類
760,壽司醋,調味料及香辛料類
761,燙紅蘿蔔丁,加工調理食品及其他類
762,石斑魚(切塊),豆魚蛋肉類
763,海帶芽(乾燥),蔬菜類
764,雞骨架(切塊),豆魚蛋肉類
765,洋蔥(切塊),蔬菜類
766,老薑(切片),蔬菜類
767,青蔥(切末),蔬菜類
768,玉米,全榖雜糧類
769,七味粉,加工調理食品及其他類
770,芥蘭菜,蔬菜類
771,蒜頭(切末),調味料及香辛料類
772,紅辣椒(去籽),調味料及香辛料類
773,青蔥(切段),蔬菜類
774,里肌肉片,豆魚蛋肉類
775,烤肉醬,調味料及香辛料類
776,美生菜,蔬菜類
777,美奶滋,加工調理食品及其他類
778,冰淇淋,未分類
779,杏胞菇,蔬菜類
780,萵苣,蔬菜類
781,麥片,全榖雜糧類
782,里肌,豆魚蛋肉類
783,紫薯,蔬菜類
784,紅甜椒,蔬菜類
785,里肌豬肉片,豆魚蛋肉類
786,黃甜椒,蔬菜類
787,素蠔油,調味料及香辛料類
788,八穀米,全榖雜糧類
789,芋頭(去皮),全榖雜糧類
790,紅蔥酥,蔬菜類
791,米酒(浸泡蝦米用),豆魚蛋肉類
792,綠竹筍,蔬菜類
793,橘子,蔬菜類
794,雞蛋(1顆),豆魚蛋肉類
795,萊姆酒,水果類
796,栗子南瓜,蔬菜類
797,香菇絲,蔬菜類
798,魚片,豆魚蛋肉類
799,清湯,未分類
800,蒟蒻麵,全榖雜糧類
801,豆皮壽司,加工調理食品及其他類
802,和風醬,調味料及香辛料類
803,鮮筍,加工調理食品及其他類
804,紅石榴,水果類
805,甜⽟⽶粒,蔬菜類
806,⽟⽶醬,調味料及香辛料類
807,荷蘭芹碎,蔬菜類
808,各式鮮蔬⽔果,水果類
809,⽩胡椒,調味料及香辛料類
810,黑咖啡,油脂與堅果種子類
811,全麥厚片吐司,全榖雜糧類
812,綠豆仁,豆魚蛋肉類
813,牛乳,水果類
814,櫻桃鴨胸肉,豆魚蛋肉類
815,市售餅皮,豆魚蛋肉類
816,甜麵醬,調味料及香辛料類
817,紅黃甜椒,調味料及香辛料類
818,蒜苗,調味料及香辛料類
819,蚵仔,蔬菜類
820,辣椒醬,調味料及香辛料類
821,味琳,加工調理食品及其他類
822,超級蛋糕粉(低筋麵粉可代替),全榖雜糧類
823,火鍋豬肉片,豆魚蛋肉類
824,大阪燒的專用醬,調味料及香辛料類
825,柳丁,水果類
826,韓式年糕,加工調理食品及其他類
827,去皮芋頭,全榖雜糧類
828,蒜頭切末,調味料及香辛料類
829,韓國清酒,未分類
830,韓國辣椒醬,調味料及香辛料類
831,白細砂糖,調味料及香辛料類
832,阿薩姆紅茶,加工調理食品及其他類
833,決明子,未分類
834,麥茶,全榖雜糧類
835,米血,全榖雜糧類
836,"雞胗,雞心,雞肝",豆魚蛋肉類
837,豬小腸,豆魚蛋肉類
838,綠花椰菜,蔬菜類
839,"酸菜,蔥末",加工調理食品及其他類
840,滷包,未分類
841,臭豆腐,加工調理食品及其他類
842,市售韓式辣味醬,調味料及香辛料類
843,日式玄米茶,加工調理食品及其他類
844,烤鴨肉,豆魚蛋肉類
845,鹹菜,蔬菜類
846,原味玉米脆片,全榖雜糧類
847,牛梅花牛排,調味料及香辛料類
848,黃豆芽,蔬菜類
849,粗粒黑胡椒粉,調味料及香辛料類
850,豬梅花炒肉絲,蔬菜類
851,蒸煮麵,加工調理食品及其他類
852,市售洛神茶花飲,蔬菜類
853,雪碧,豆魚蛋肉類
854,檸檬片,水果類
855,牛小排火鍋片,豆魚蛋肉類
856,竹籤,水果類
857,市售蒜香粉,加工調理食品及其他類
858,紅茶,全榖雜糧類
859,果糖,糖類
860,白菜,蔬菜類
861,山海醬,調味料及香辛料類
862,甜辣醬,調味料及香辛料類
863,里肌豬肉火鍋片,豆魚蛋肉類
864,冷凍蔬菜,蔬菜類
865,菊花,蔬菜類
866,沸水沖泡,未分類
867,雞蛋麵,加工調理食品及其他類
868,豬肝,豆魚蛋肉類
869,蝦子,豆魚蛋肉類
870,咖哩粉,調味料及香辛料類
871,無糖花生醬4湯匙,調味料及香辛料類
872,紅燒鰻,豆魚蛋肉類
873,大白菜,蔬菜類
874,香菇乾,蔬菜類
875,瘦肉,豆魚蛋肉類
876,麻油,油脂與堅果種子類
877,麵包,蔬菜類
878,火腿片,加工調理食品及其他類
879,紅茶包,未分類
880,排骨,調味料及香辛料類
881,藥材包,未分類
882,熟白芝麻,油脂與堅果種子類
883,豆腐乳,加工調理食品及其他類
884,白砂糖,糖類
885,蒜頭2瓣,調味料及香辛料類
886,花生粉,油脂與堅果種子類
887,油麵,加工調理食品及其他類
888,榨菜,加工調理食品及其他類
889,醬油(醃肉絲用),調味料及香辛料類
890,白砂糖(醃肉絲用),糖類
891,蒜頭(醃肉絲用),調味料及香辛料類
892,白胡椒粉(醃肉絲用),調味料及香辛料類
893,白砂糖(炒榨菜用),加工調理食品及其他類
894,小黃瓜1條,蔬菜類
895,鹽(小黃瓜殺青用),蔬菜類
896,辣油,油脂與堅果種子類
897,青草茶包,未分類
898,豬大骨,調味料及香辛料類
899,滷好的大腸2條,豆魚蛋肉類
900,紅麵線,加工調理食品及其他類
901,沙拉油,油脂與堅果種子類
902,蒜頭酥,調味料及香辛料類
903,新鮮蒜末,未分類
904,熬好的豬骨高湯,豆魚蛋肉類
905,鹽(調味用),加工調理食品及其他類
906,白砂糖(調味用),糖類
907,白胡椒粉(調味用),調味料及香辛料類
908,醬油(調味用),調味料及香辛料類
909,太白粉(勾芡用),加工調理食品及其他類
910,水(勾芡用),未分類
911,沸水,未分類
912,葡萄籽油(用於塗麵皮),油脂與堅果種子類
913,油(用於油炸),油脂與堅果種子類
914,木瓜,水果類
915,白開水,未分類
916,白花椰,蔬菜類
917,磨菇,蔬菜類
918,起司粉,加工調理食品及其他類
919,昆布湯,未分類
920,蓮藕,全榖雜糧類
921,水梨,水果類
922,山藥,全榖雜糧類
923,熟薏仁,全榖雜糧類
924,黑米,全榖雜糧類
925,豬五花肉片,豆魚蛋肉類
926,碗豆苗,蔬菜類
927,鰹魚粉,調味料及香辛料類
928,黃/紅椒丁,蔬菜類
929,里肌肉絲,豆魚蛋肉類
930,黑木耳絲,蔬菜類
931,韭黃段,未分類
932,油黃麵,油脂與堅果種子類
933,炒好黑豆,加工調理食品及其他類
934,土司,豆魚蛋肉類
935,菊苣,蔬菜類
936,黑芝麻粒,油脂與堅果種子類
937,亞麻籽油,油脂與堅果種子類
938,全脂牛奶,乳品類
939,茄子2條,蔬菜類
940,蒜頭3大瓣,調味料及香辛料類
941,九層塔1小把,蔬菜類
942,辣椒（可省略）,調味料及香辛料類
943,紫米,加工調理食品及其他類
944,乾燥紫菜,蔬菜類
945,嫩薑絲1小撮,蔬菜類
946,水梨1小顆,水果類
947,螺旋麵,加工調理食品及其他類
948,紫甘藍,蔬菜類
949,牛蕃茄1個,蔬菜類
950,新鮮檸檬汁,水果類
951,新鮮柳橙汁,水果類
952,蒜泥（約2大瓣）,豆魚蛋肉類
953,蒸熟的芋頭,全榖雜糧類
954,葡萄,調味料及香辛料類
955,蘋果1個,水果類
956,新鮮藍莓,水果類
957,蝶豆花(乾燥),加工調理食品及其他類
958,吉利丁粉(沖泡式),未分類
959,霜降牛排,調味料及香辛料類
960,自製藍莓醬,調味料及香辛料類
961,馬鈴薯泥,全榖雜糧類
962,紅蘿蔔(熟),油脂與堅果種子類
963,蘆筍(熟),油脂與堅果種子類
964,鯛魚排,豆魚蛋肉類
965,玉米粒(罐頭),加工調理食品及其他類
966,義大利螺旋麵,調味料及香辛料類
967,豬肉火鍋片,豆魚蛋肉類
968,紅蘿蔔片,加工調理食品及其他類
969,火鍋豆腐,加工調理食品及其他類
970,乾燥海帶芽,蔬菜類
971,蒔蘿,蔬菜類
972,巴西里葉,蔬菜類
973,橘子汁,水果類
974,奇亞子,油脂與堅果種子類
975,杏仁片,加工調理食品及其他類
976,薑汁,蔬菜類
977,masala醬,調味料及香辛料類
978,蕃茄罐頭,加工調理食品及其他類
979,印度米,豆魚蛋肉類
980,水（米用）,加工調理食品及其他類
981,鮪魚罐頭,豆魚蛋肉類
982,巴西里葉碎,蔬菜類
983,柳橙,水果類
984,原味低脂優格,乳品類
985,甜椒可麗餅,未分類
986,核桃,油脂與堅果種子類
987,南瓜子,加工調理食品及其他類
988,蜂蜜芥末醬,調味料及香辛料類
989,全麥麵粉,全榖雜糧類
990,人參鬚,蔬菜類
991,當歸,未分類
992,枸杞,蔬菜類
993,生薑,豆魚蛋肉類
994,"米酒,鹽巴",未分類
995,紅藜麥,全榖雜糧類
996,梅子醬,加工調理食品及其他類
997,杜仲,未分類
998,各式菇類,蔬菜類
999,各式蔬菜,蔬菜類
1000,蛤利,豆魚蛋肉類
1001,蜜黑豆,蔬菜類
1002,貝果,豆魚蛋肉類
1003,水波蛋,豆魚蛋肉類
1004,芥末醬,調味料及香辛料類
1005,洋蔥末,蔬菜類
1006,香菜末,調味料及香辛料類
1007,"鹽巴,香油,白胡椒粉",調味料及香辛料類
1008,芭樂,水果類
1009,葡萄乾,水果類
1010,素肉醬,加工調理食品及其他類
1011,豆腐丁,加工調理食品及其他類
1012,涼拌蓮藕片,全榖雜糧類
1013,涼拌花椰菜,蔬菜類
1014,"紅蘿蔔絲,小黃瓜絲,蛋皮絲",加工調理食品及其他類
1015,腰果,加工調理食品及其他類
1016,原味薏仁粉,全榖雜糧類
1017,"小豆苗,苜蓿芽",蔬菜類
1018,碎核桃,油脂與堅果種子類
1019,新鮮水果丁,水果類
1020,無糖優格醬,調味料及香辛料類
1021,義大利麵－天使細麵,蔬菜類
1022,黃椒,豆魚蛋肉類
1023,黃椒丁,未分類
1024,紅椒丁,蔬菜類
1025,青豆仁,豆魚蛋肉類
1026,義大利香料,蔬菜類
1027,法國長棍麵包,蔬菜類
1028,綜合生菜葉,蔬菜類
1029,義大利白醋,蔬菜類
1030,巿售優格,乳品類
1031,柚子,調味料及香辛料類
1032,奇異果片,水果類
1033,洋菇,蔬菜類
1034,葡萄籽油,油脂與堅果種子類
1035,巴薩米克醋,調味料及香辛料類
1036,南瓜(熟),油脂與堅果種子類
1037,洋蔥(半顆),蔬菜類
1038,隔夜糙米飯,全榖雜糧類
1039,雞絞肉,豆魚蛋肉類
1040,杏鮑菇末,蔬菜類
1041,各式水果丁,水果類
1042,各式新鮮蔬菜,蔬菜類
1043,"鹽巴,黑胡椒粉",調味料及香辛料類
1044,後腿絞肉,豆魚蛋肉類
1045,碗豆,豆魚蛋肉類
1046,紅黎米(2匙),豆魚蛋肉類
1047,白米(1匙),全榖雜糧類
1048,米線,全榖雜糧類
1049,聖女番茄,蔬菜類
1050,優酪乳,加工調理食品及其他類
1051,餐包,未分類
1052,牛番茄(半顆),蔬菜類
1053,甜玉米(熟),全榖雜糧類
1054,市售和風柚子醬,調味料及香辛料類
1055,沙拉醬,調味料及香辛料類
1056,草蝦仁,豆魚蛋肉類
1057,五穀米(熟),全榖雜糧類
1058,九層塔、香菜葉,蔬菜類
1059,白醬油,調味料及香辛料類
1060,九層塔（或羅勒）,蔬菜類
1061,莫札瑞拉乳酪絲,蔬菜類
1062,鮮鮭魚,豆魚蛋肉類
1063,白酒,加工調理食品及其他類
1064,黃檸檬(皮),水果類
1065,帕馬森起士粉,加工調理食品及其他類
1066,菠菜葉,蔬菜類
1067,紫菜(大張),蔬菜類
1068,酒,加工調理食品及其他類
1069,糙米紅藜麥飯,全榖雜糧類
1070,涼拌川耳,蔬菜類
1071,紅蘿蔔炒蛋,加工調理食品及其他類
1072,味噌鮮魚湯,調味料及香辛料類
1073,舞菇,蔬菜類
1074,"鹽巴,白胡椒粉",調味料及香辛料類
1075,無籽紅葡萄,水果類
1076,香蕉（中型）,水果類
1077,無鹽杏仁果,油脂與堅果種子類
1078,黃櫛瓜,蔬菜類
1079,迷迭香香料,調味料及香辛料類
1080,雞胸,豆魚蛋肉類
1081,黃節瓜,蔬菜類
1082,豌豆苗,蔬菜類
1083,茴香,蔬菜類
1084,時蘿籽,未分類
1085,薑黃粉,調味料及香辛料類
1086,羊肉片,豆魚蛋肉類
1087,加里粉,加工調理食品及其他類
1088,印度香米,豆魚蛋肉類
1089,希臘優格,乳品類
1090,斯里蘭卡茶葉,未分類
1091,豆漿(牛奶),加工調理食品及其他類
1092,海苔粉,調味料及香辛料類
1093,水果丁,全榖雜糧類
1094,蘋果（小）,豆魚蛋肉類
1095,無鹽腰果,油脂與堅果種子類
1096,蔓越莓乾,水果類
1097,凱撒沙拉醬,調味料及香辛料類
1098,羅蔓生菜,蔬菜類
1099,巧巴達麵包,蔬菜類
1100,綠櫛瓜,蔬菜類
1101,九層塔葉,蔬菜類
1102,莫扎瑞拉乳酪2片,乳品類
1103,巴薩米醋,調味料及香辛料類
1104,鮮魚片,豆魚蛋肉類
1105,西班牙香料粉,加工調理食品及其他類
1106,新鮮羅勒葉,調味料及香辛料類
1107,水或高湯,調味料及香辛料類
1108,現磨胡椒,調味料及香辛料類
1109,新鮮水果,水果類
1110,乾燥羅勒葉,調味料及香辛料類
1111,有鹽奶油,油脂與堅果種子類
1112,隔夜的法國麵包,蔬菜類
1113,堅果,加工調理食品及其他類
1114,温水,未分類
1115,紅蘿蔔塊,加工調理食品及其他類
1116,五穀米（熟）,全榖雜糧類
1117,綠咖哩醬,調味料及香辛料類
1118,蘋果(小),豆魚蛋肉類
1119,罐頭鳳梨,加工調理食品及其他類
1120,＜調味料＞,加工調理食品及其他類
1121,全蛋3個,豆魚蛋肉類
1122,約120ml容量布丁杯,未分類
1123,米粉,加工調理食品及其他類
1124,蒜頭碎,調味料及香辛料類
1125,工研白醋,調味料及香辛料類
1126,米霖,全榖雜糧類
1127,巧克力,乳品類
1128,蒜,調味料及香辛料類
1129,青椒、黃椒,蔬菜類
1130,鹽巴、胡椒,加工調理食品及其他類
1131,無鋁泡打粉,加工調理食品及其他類
1132,乳酪,調味料及香辛料類
1133,鮮乳,乳品類
1134,羅望子,豆魚蛋肉類
1135,食鹽,調味料及香辛料類
1136,味醂(可不放),調味料及香辛料類
1137,拍碎的青蔥段,蔬菜類
1138,豆乾,油脂與堅果種子類
1139,黃金亞麻子粉,調味料及香辛料類
1140,洋車前子粉,調味料及香辛料類
1141,酪梨油（或其他油）,油脂與堅果種子類
1142,250g無糖吐司模,全榖雜糧類
1143,梅子,加工調理食品及其他類
1144,糖（照自己喜好）,調味料及香辛料類
1145,融化奶油,油脂與堅果種子類
1146,冬瓜,蔬菜類
1147,好勁道月見雞蛋麵,加工調理食品及其他類
1148,乾燥香菇,蔬菜類
1149,豌豆(汆燙過),豆魚蛋肉類
1150,鹽巴&黑胡椒,加工調理食品及其他類
1151,去皮馬鈴薯,全榖雜糧類
1152,船型糯米殼,全榖雜糧類
1153,動物性鮮奶油,油脂與堅果種子類
1154,常溫牛奶,水果類
1155,速發乾酵母,調味料及香辛料類
1156,軟化的無鹽奶油,油脂與堅果種子類
1157,馬鈴薯,全榖雜糧類
1158,牛奶（烘烤之前塗）,水果類
1159,融化無鹽奶油（烘烤之後塗）,油脂與堅果種子類
1160,歐芹碎（表面裝飾）,未分類
1161,松板豬,豆魚蛋肉類
1162,泰式甜辣醬,調味料及香辛料類
1163,是拉差辣醬,調味料及香辛料類
1164,泰國綠圓茄（紫茄可）,蔬菜類
1165,椰漿1罐,調味料及香辛料類
1166,小番茄（可不加）,蔬菜類
1167,棕櫚糖（二砂可）,糖類
1168,無骨雞腿排,蔬菜類
1169,奶酪芝士片,乳品類
1170,絞肉,豆魚蛋肉類
1171,大茂黑瓜(小罐),加工調理食品及其他類
1172,大茂黑瓜湯汁,未分類
1173,葵花子油,油脂與堅果種子類
1174,75%巧克力,乳品類
1175,藍莓乾,加工調理食品及其他類
1176,花生,油脂與堅果種子類
1177,乾辣椒,加工調理食品及其他類
1178,老抽,蔬菜類
1179,老干媽,未分類
1180,乾澱粉,乳品類
1181,蘿蔔絲,蔬菜類
1182,味素,加工調理食品及其他類
1183,梅乾菜,加工調理食品及其他類
1184,薑末或薑泥,豆魚蛋肉類
1185,辣椒，去籽切碎,調味料及香辛料類
1186,無糖希臘優格,乳品類
1187,上白糖,調味料及香辛料類
1188,草莓泥,水果類
1189,新鮮草莓,水果類
1190,燕麥,全榖雜糧類
1191,花椒粉,調味料及香辛料類
1192,干絲,加工調理食品及其他類
1193,芹菜段,蔬菜類
1194,豌豆,豆魚蛋肉類
1195,胭脂梅,水果類
1196,高粱醋,調味料及香辛料類
1197,玫瑰紅茶,加工調理食品及其他類
1198,葵花油,油脂與堅果種子類
1199,乾燥玫瑰花,蔬菜類
1200,伯爵紅茶茶包,未分類
1201,胡椒鹽,加工調理食品及其他類
1202,生花生,調味料及香辛料類
1203,骰子豆干,加工調理食品及其他類
1204,萬用滷包,未分類
1205,芝麻香油,調味料及香辛料類
1206,吐司,全榖雜糧類
1207,四葉北海道鮮乳,調味料及香辛料類
1208,印尼撈麵,加工調理食品及其他類
1209,(調味)鮪魚罐頭,豆魚蛋肉類
1210,冷凍三色豆,加工調理食品及其他類
1211,辣椒醬(選用),調味料及香辛料類
1212,蕃茄醬(選用),調味料及香辛料類
1213,綜合起司碎,乳品類
1214,全聯鮭魚,調味料及香辛料類
1215,雙色菇,蔬菜類
1216,低筋面粉,全榖雜糧類
1217,常溫雞蛋,豆魚蛋肉類
1218,耐烤型巧克力豆,加工調理食品及其他類
1219,軟骨,豆魚蛋肉類
1220,脆筍,蔬菜類
1221,薄片白吐司,全榖雜糧類
1222,起士片,乳品類
1223,綠萵苣,蔬菜類
1224,沙茶醬,調味料及香辛料類
1225,避風塘蒜酥,調味料及香辛料類
1226,鵝油香蔥醬,調味料及香辛料類
1227,鵝油辣椒醬,調味料及香辛料類
1228,飲用水,未分類
1229,法國麵包粉,調味料及香辛料類
1230,烏龍茶包,未分類
1231,牛腱,豆魚蛋肉類
1232,鮭魚輪切,豆魚蛋肉類
1233,花菜,蔬菜類
1234,咖哩塊,調味料及香辛料類
1235,粗黑胡椒粒,調味料及香辛料類
1236,芝麻油及醬油,調味料及香辛料類
1237,小麥麵粉,全榖雜糧類
1238,速發酵母粉,調味料及香辛料類
1239,白玉豆乾,全榖雜糧類
1240,素雞,加工調理食品及其他類
1241,豆腐球,加工調理食品及其他類
1242,小雞翅,加工調理食品及其他類
1243,棒棒腿,豆魚蛋肉類
1244,黑豆桑厚黑金醬油,調味料及香辛料類
1245,可樂,加工調理食品及其他類
1246,小磨坊萬用滷包,調味料及香辛料類
1247,大顆牛蕃茄,蔬菜類
1248,小蕃茄切半,蔬菜類
1249,可可脂,水果類
1250,榛果可可奶油,油脂與堅果種子類
1251,筆管麵,加工調理食品及其他類
1252,起士粉,加工調理食品及其他類
1253,冷凍酪梨,加工調理食品及其他類
1254,家常嫩豆腐,加工調理食品及其他類
1255,蜂蜜(可用砂糖替代),糖類
1256,牛奶(可用橘子汁替代),水果類
1257,酵母粉,調味料及香辛料類
1258,橘皮丁,未分類
1259,土雞蛋,豆魚蛋肉類
1260,開水（放涼後）,未分類
1261,玉米（小罐）,全榖雜糧類
1262,玉米醬,加工調理食品及其他類
1263,市售高湯,豆魚蛋肉類
1264,花椰菜（可不加）,蔬菜類
1265,太白粉水（勾芡）,油脂與堅果種子類
1266,春捲皮,加工調理食品及其他類
1267,醋（水果醋）,加工調理食品及其他類
1268,6吋烤模,未分類
1269,豆漿或牛奶,加工調理食品及其他類
1270,黑芝麻粉,油脂與堅果種子類
1271,紅豆泥（可省略）,豆魚蛋肉類
1272,檸檬汁（可省略）,水果類
1273,雞小腿,蔬菜類
1274,鰹魚露,調味料及香辛料類
1275,珍珠糖,水果類
1276,鮮嫩雞胸,調味料及香辛料類
1277,甜椒黃,蔬菜類
1278,甜椒紅,蔬菜類
1279,大蒜粉,調味料及香辛料類
1280,乳酪粉,乳品類
1281,袖珍菇,蔬菜類
1282,韓式嫩豆腐,加工調理食品及其他類
1283,韓式粗辣椒粉,調味料及香辛料類
1284,好勁道家常麵條,加工調理食品及其他類
1285,節瓜,蔬菜類
1286,義式香料,未分類
1287,鱸魚,豆魚蛋肉類
1288,鮭魚塊（全聯）,豆魚蛋肉類
1289,冷凍酥皮,加工調理食品及其他類
1290,全蛋液,豆魚蛋肉類
1291,雞腿排,蔬菜類
1292,果醋,蔬菜類
1293,無添加醬油,調味料及香辛料類
1294,紅茶茶包,未分類
1295,A菜,蔬菜類
1296,甜菜根粉,加工調理食品及其他類
1297,紅豆餡,豆魚蛋肉類
1298,花生餡,油脂與堅果種子類
1299,紅蘿蔔絲（可省略）,加工調理食品及其他類
1300,鱸魚片,豆魚蛋肉類
1301,酸菜心,加工調理食品及其他類
1302,酸荀絲,蔬菜類
1303,蔓越莓,水果類
1304,南瓜泥,加工調理食品及其他類
1305,牛肋條,豆魚蛋肉類
1306,老薑,蔬菜類
1307,葱末或蔥段,蔬菜類
1308,去骨雞腿肉切塊(全聯),蔬菜類
1309,蜜紅豆,豆魚蛋肉類
1310,皇帝豆,加工調理食品及其他類
1311,醃筍,未分類
1312,羅勒,調味料及香辛料類
1313,法羅麥Faro（熟）,豆魚蛋肉類
1314,肉荳蔻Nutmeg,調味料及香辛料類
1315,帕瑪森起司Parmigiano,乳品類
1316,檸檬汁或白醋,水果類
1317,吐司麵包,全榖雜糧類
1318,三明治起司,加工調理食品及其他類
1319,現成義大利麵紅醬,調味料及香辛料類
1320,帕瑪森起司粉,加工調理食品及其他類
1321,義式臘腸（辣腸）,未分類
1322,奧勒岡香料粉,加工調理食品及其他類
1323,冷凍讚岐烏龍麵,加工調理食品及其他類
1324,冷凍花枝,加工調理食品及其他類
1325,甜豌豆,豆魚蛋肉類
1326,佛手瓜,蔬菜類
1327,醃漬梅,加工調理食品及其他類
1328,雞蛋🥚,豆魚蛋肉類
1329,金沙豆腐粉,加工調理食品及其他類
1330,義大利麵,調味料及香辛料類
1331,冷凍藍莓,蔬菜類
1332,冷凍草莓,水果類
1333,塩,未分類
1334,罐頭罐,加工調理食品及其他類
1335,桿麵棍,未分類
1336,切麵板,豆魚蛋肉類
1337,撒粉罐,未分類
1338,樹薯粉,全榖雜糧類
1339,溫水(30度左右),未分類
1340,果乾,水果類
1341,FISKARS不鏽鋼平底鍋,未分類
1342,韓國Neoflam炒鍋,未分類
1343,豬五花肉片（全聯）,豆魚蛋肉類
1344,年糕,調味料及香辛料類
1345,玉女番茄,蔬菜類
1346,中筋面粉,全榖雜糧類
1347,花枝,豆魚蛋肉類
1348,二節翅,豆魚蛋肉類
1349,火腿碎,加工調理食品及其他類
1350,甜醬油,調味料及香辛料類
1351,奧爾良醃料,加工調理食品及其他類
1352,棕櫚糖或糖,未分類
1353,木薯澱粉,全榖雜糧類
1354,乳酪絲,蔬菜類
1355,洋蔥大蒜鹽,蔬菜類
1356,蕎麥粉,全榖雜糧類
1357,樸活黑糖,調味料及香辛料類
1358,小蘇打粉,加工調理食品及其他類
1359,鹹鴨蛋,豆魚蛋肉類
1360,芝麻醬,調味料及香辛料類
1361,彩椒（紅/黃）,全榖雜糧類
1362,涼拌嫩豆腐,加工調理食品及其他類
1363,純糖粉,調味料及香辛料類
1364,仿土雞腿,豆魚蛋肉類
1365,薑片（6-8薄片）,未分類
1366,蒜頭（10來顆）,調味料及香辛料類
1367,橄欖油（可用香油、沙拉油）,調味料及香辛料類
1368,糯米椒,蔬菜類
1369,豆豉,加工調理食品及其他類
1370,鹹蛋,豆魚蛋肉類
1371,香蘭葉,未分類
1372,菜脯米,豆魚蛋肉類
1373,LECREUSET圓型波浪烤盤,未分類
1374,LECREUSET琺瑯鑄鐵圓鍋,未分類
1375,OXO好好握矽膠刮刀,未分類
1376,蒟蒻絲,全榖雜糧類
1377,梅花豬肉片,豆魚蛋肉類
1378,新鮮腐竹,全榖雜糧類
1379,金針菇（切段）,蔬菜類
1380,梅汁（或烏醋）,調味料及香辛料類
1381,即發酵母,調味料及香辛料類
1382,芝麻,油脂與堅果種子類
1383,梅花肉絲,豆魚蛋肉類
1384,虱目魚肚,豆魚蛋肉類
1385,烹大師鰹魚粉,調味料及香辛料類
1386,香草醬,調味料及香辛料類
1387,溫牛奶,水果類
1388,金目鱸魚排,豆魚蛋肉類
1389,雞腿肉丁,豆魚蛋肉類
1390,雞蛋一顆,豆魚蛋肉類
1391,煮熟的米飯,加工調理食品及其他類
1392,海苔碎,調味料及香辛料類
1393,熟芝麻,加工調理食品及其他類
1394,青豆,豆魚蛋肉類
1395,午餐肉,豆魚蛋肉類
1396,美乃滋/沙拉醬,調味料及香辛料類
1397,木棉豆腐,加工調理食品及其他類
1398,毛豆仁,豆魚蛋肉類
1399,甜玉米粒,全榖雜糧類
1400,石斑魚,豆魚蛋肉類
1401,熟黃豆粉,豆魚蛋肉類
1402,大雞腿,蔬菜類
1403,櫻花蝦,豆魚蛋肉類
1404,鮪魚,豆魚蛋肉類
1405,粘米粉/在來米粉,加工調理食品及其他類
1406,莫札瑞拉起司,乳品類
1407,熟皮蛋,豆魚蛋肉類
1408,朝天辣椒,蔬菜類
1409,蒜蓉辣椒,調味料及香辛料類
1410,料理酒,未分類
1411,辣椒（可删略）,調味料及香辛料類
1412,無糖豆漿(或現成豆奶),加工調理食品及其他類
1413,飛魚露,調味料及香辛料類
1414,大號雞蛋,豆魚蛋肉類
1415,蔥花、醬油、芝麻油,調味料及香辛料類
1416,芭樂(中),水果類
1417,龍鬚菜,蔬菜類
1418,二節雞翅,豆魚蛋肉類
1419,國姓紫蘇梅,蔬菜類
1420,鹽(調整用),乳品類
1421,棕櫚糖或二砂(調整用),糖類
1422,茄汁鯖魚罐頭,豆魚蛋肉類
1423,新鮮桑椹,水果類
1424,羊肉,豆魚蛋肉類
1425,蒜頭末,調味料及香辛料類
1426,咖啡牛奶,水果類
1427,檸檬巧克力,水果類
1428,鹽（總量）,未分類
1429,韓式芝麻油（總量）,油脂與堅果種子類
1430,熟飯,豆魚蛋肉類
1431,蒜頭/蓉,調味料及香辛料類
1432,少量的太白粉水,調味料及香辛料類
1433,大甲芋頭,全榖雜糧類
1434,蝦皮,豆魚蛋肉類
1435,椰奶(或其他植物奶),乳品類
1436,桂圓乾,未分類
1437,黃金版羅漢果糖/二砂,糖類
1438,楓糖漿,糖類
1439,枸杞（可有可無,蔬菜類
1440,鹽巴味精,調味料及香辛料類
1441,烹大師,未分類
1442,比薩起司,乳品類
1443,黃芥末醬,調味料及香辛料類
1444,義士香料,未分類
1445,青梅,水果類
1446,高梁醋600ml,調味料及香辛料類
1447,花椰菜切碎,蔬菜類
1448,小番茄切片,蔬菜類
1449,乳酪片,調味料及香辛料類
1450,鹽(可不加）,豆魚蛋肉類
1451,黑胡椒粒（隨喜）,調味料及香辛料類
1452,核桃碎,油脂與堅果種子類
1453,熟花生粒,調味料及香辛料類
1454,鹹豬肉,豆魚蛋肉類
1455,雞腿肉排,豆魚蛋肉類
1456,抹茶,加工調理食品及其他類
1457,紅豆泥,豆魚蛋肉類
1458,胡椒、七味粉,加工調理食品及其他類
1459,12兩土司模型,未分類
1460,12兩土司模型蓋子,未分類
1461,牛肉片,豆魚蛋肉類
1462,沙茶,調味料及香辛料類
1463,十三香,調味料及香辛料類
1464,祖傳密醬,調味料及香辛料類
1465,生腰果,油脂與堅果種子類
1466,電鍋,豆魚蛋肉類
1467,食物調理機,未分類
1468,五花肉條,豆魚蛋肉類
1469,去皮蕃茄罐頭,蔬菜類
1470,白腰豆罐頭,加工調理食品及其他類
1471,豬里肌,豆魚蛋肉類
1472,棉花糖,調味料及香辛料類
1473,鮮乳薄餅,加工調理食品及其他類
1474,凍乾草莓,水果類
1475,銀耳,蔬菜類
1476,糯米醋,調味料及香辛料類
1477,白芝麻粒,油脂與堅果種子類
1478,自製冰淇淋,加工調理食品及其他類
1479,花生糖,油脂與堅果種子類
1480,豬肋排,豆魚蛋肉類
1481,豬蹄膀帶皮肉,豆魚蛋肉類
1482,紅豆腐乳,豆魚蛋肉類
1483,蒜鹽,調味料及香辛料類
1484,韓式櫛瓜,蔬菜類
1485,椰奶或牛奶,水果類
1486,椰子油或奶油,油脂與堅果種子類
1487,紅豆沙餡,豆魚蛋肉類
1488,椰蓉,調味料及香辛料類
1489,紅䓤頭,蔬菜類
1490,香菇（泡軟切丁),蔬菜類
1491,蝦米（泡軟切半）,豆魚蛋肉類
1492,蝦皮（泡軟）,豆魚蛋肉類
1493,蘿蔔絲乾,蔬菜類
1494,新鮮鼠麴草,水果類
1495,麻油或香油,調味料及香辛料類
1496,乾香菇泡軟,蔬菜類
1497,鍋燒麵,加工調理食品及其他類
1498,裱花嘴,未分類
1499,裱花袋,未分類
1500,吳郭魚,豆魚蛋肉類
1501,清酒或米酒,未分類
1502,生蛋,豆魚蛋肉類
1503,日式美乃滋,調味料及香辛料類
1504,奶油（煎麵包用）,油脂與堅果種子類
1505,紅藜麥吐司,全榖雜糧類
1506,地瓜粉（木薯粉）,全榖雜糧類
1507,台糖2號砂糖,糖類
1508,玉米罐頭,加工調理食品及其他類
1509,雞里肌肉（全聯購入）250g,豆魚蛋肉類
1510,內鍋水,未分類
1511,外鍋水,未分類
1512,伯爵紅茶粉,調味料及香辛料類
1513,魷魚圈（透抽、小捲、花枝均可）,豆魚蛋肉類
1514,低碳麵條,加工調理食品及其他類
1515,自製蔥油醬,油脂與堅果種子類
1516,干貝XO醬,調味料及香辛料類
1517,可可粉（灑表面）,調味料及香辛料類
1518,高筋或中筋麵粉,全榖雜糧類
1519,里肌肉,豆魚蛋肉類
1520,黑胡椒醬,調味料及香辛料類
1521,黃心馬鈴薯,全榖雜糧類
1522,黃瓜（或西芹）,蔬菜類
1523,好市多漢堡肉,豆魚蛋肉類
1524,蝦,豆魚蛋肉類
1525,肉,豆魚蛋肉類
1526,羅勒葉九層塔,蔬菜類
1527,特級初榨橄欖油,油脂與堅果種子類
1528,番茄泥,蔬菜類
1529,乾蕁蔴葉,未分類
1530,小型洋蔥,蔬菜類
1531,小型馬鈴薯,全榖雜糧類
1532,小型番茄,蔬菜類
1533,綠扁豆,豆魚蛋肉類
1534,麥子,全榖雜糧類
1535,鹽，黑胡椒，辣椒粉,調味料及香辛料類
1536,柳橙汁,水果類
1537,紅油,油脂與堅果種子類
1538,香料共和國白胡椒,調味料及香辛料類
1539,豬絞肉（肥瘦比5：5）,豆魚蛋肉類
1540,細白芝麻粉,油脂與堅果種子類
1541,香料共和國黑胡椒粉,調味料及香辛料類
1542,餛飩皮,加工調理食品及其他類
1543,愛之味脆瓜,加工調理食品及其他類
1544,脆瓜醬汁,水果類
1545,蒜末（依個人）,未分類
1546,晚香玉筍,全榖雜糧類
1547,蟹膏油醬,油脂與堅果種子類
1548,大蒜末,調味料及香辛料類
1549,酪梨油,油脂與堅果種子類
1550,冷凍黑醋栗,水果類
1551,冷凍黑櫻桃,水果類
1552,鮭魚菲力（全聯購入）,豆魚蛋肉類
1553,綿白糖,調味料及香辛料類
1554,年糕條,全榖雜糧類
1555,韓式辣椒醬,調味料及香辛料類
1556,辣豆腐乳,加工調理食品及其他類
1557,腐乳醬,加工調理食品及其他類
1558,冷凍蔥油餅(室溫回軟),加工調理食品及其他類
1559,大白蝦（也可以換明蝦或其他蝦）,豆魚蛋肉類
1560,焗烤絲,蔬菜類
1561,蒜瓣(小顆),調味料及香辛料類
1562,金蘭無調味有機醬油,調味料及香辛料類
1563,法國粉,加工調理食品及其他類
1564,優格乳清,乳品類
1565,乳酪丁,調味料及香辛料類
1566,起司片,蔬菜類
1567,西班牙紅辣椒粉,調味料及香辛料類
1568,無鹽奶油（融化）,油脂與堅果種子類
1569,蘇打粉,加工調理食品及其他類
1570,巧克力豆,乳品類
1571,玄米油（或其它植物油）,油脂與堅果種子類
1572,焙茶粉,調味料及香辛料類
1573,三溫糖,調味料及香辛料類
1574,豬里脊,豆魚蛋肉類
1575,桂皮,豆魚蛋肉類
1576,淡色醬油,調味料及香辛料類
1577,美極鮮醬油,調味料及香辛料類
1578,酸高麗菜,加工調理食品及其他類
1579,梅花火鍋肉片,豆魚蛋肉類
1580,火鍋豆皮（切小片）,加工調理食品及其他類
1581,青蒜苗,調味料及香辛料類
1582,泡打粉‭,加工調理食品及其他類
1583,香料共和國白胡椒粉,調味料及香辛料類
1584,DOMO單紅柄零重力深炒平底鍋,未分類
1585,"辣椒(配色用,可加可不加/不敢",加工調理食品及其他類
1586,紅椒/黃椒(配色用/擇一即可,蔬菜類
1587,醬油(依個人喜好調整,調味料及香辛料類
1588,醬油膏(依個人喜好調整,調味料及香辛料類
1589,日本味之素烹大師鰹魚粉(提鮮用,調味料及香辛料類
1590,白色豆干,加工調理食品及其他類
1591,綠香菜,豆魚蛋肉類
1592,蘇打餅乾,全榖雜糧類
1593,味增醬,調味料及香辛料類
1594,鮮菇,蔬菜類
1595,菜脯,蔬菜類
1596,土雞腿肉,豆魚蛋肉類
1597,米油,油脂與堅果種子類
1598,卡士達粉,加工調理食品及其他類
1599,TGM大馬士革鋼廚具刀,未分類
1600,屏干(購自生鮮超市豆干),加工調理食品及其他類
1601,豬絞肉(細),豆魚蛋肉類
1602,蔥油,加工調理食品及其他類
1603,郫縣豆瓣醬,調味料及香辛料類
1604,花雕酒,未分類
1605,熱開水,未分類
1606,腸粉專用粉,未分類
1607,地瓜粉或木薯粉,全榖雜糧類
1608,蔬果白醋,加工調理食品及其他類
1609,即食燕麥,全榖雜糧類
1610,千張腐皮,加工調理食品及其他類
1611,辣醬,調味料及香辛料類
1612,麵粉糊,全榖雜糧類
1613,薑蓉,調味料及香辛料類
1614,清酒（料理米酒）,加工調理食品及其他類
1615,九尾草,水果類
1616,香菇貢丸,蔬菜類
1617,大香菇,蔬菜類
1618,OREO餅乾,全榖雜糧類
1619,檸檬草,水果類
1620,香草莢,未分類
1621,虱目魚肚(大),豆魚蛋肉類
1622,台灣洋蔥,蔬菜類
1623,蛋(中型),豆魚蛋肉類
1624,基隆甜不辣,調味料及香辛料類
1625,有機黑早特級冬菇,蔬菜類
1626,韓國NEOFLAM不沾鍋具,未分類
1627,起司脆腸,加工調理食品及其他類
1628,豬腳,豆魚蛋肉類
1629,啤酒,加工調理食品及其他類
1630,鳥蛋,豆魚蛋肉類
1631,葡式蛋撻皮（7x3cm）,未分類
1632,35%鮮奶油,油脂與堅果種子類
1633,玉米粉或中粉,全榖雜糧類
1634,大雞腿切塊,蔬菜類
1635,炸豆皮/豆包,加工調理食品及其他類
1636,宏裕行-花枝蝦漿-1條,加工調理食品及其他類
1637,千張豆腐皮-90g,加工調理食品及其他類
1638,黑胡椒碎,加工調理食品及其他類
1639,2節雞翅,未分類
1640,一般可樂,未分類
1641,油膏,調味料及香辛料類
1642,麻油/香油,調味料及香辛料類
1643,餃子皮,加工調理食品及其他類
1644,厚切鮭魚,調味料及香辛料類
1645,雞蛋（室溫）,豆魚蛋肉類
1646,小維也納香腸,加工調理食品及其他類
1647,牙籤,未分類
1648,南投竹山香菇,蔬菜類
1649,台灣紅棗,水果類
1650,麥維他消化餅（可用它牌）,全榖雜糧類
1651,馬斯卡彭,乳品類
1652,松阪豬肉,豆魚蛋肉類
1653,甜年糕,未分類
1654,蓬萊米粉/在來米粉,加工調理食品及其他類
1655,苦瓜,蔬菜類
1656,豆鼓,油脂與堅果種子類
1657,小魚乾,豆魚蛋肉類
1658,長尾濱鯛,豆魚蛋肉類
1659,過濾水,未分類
1660,五木-純麵煮意,加工調理食品及其他類
1661,無塩奶油,油脂與堅果種子類
1662,豬心,豆魚蛋肉類
1663,香油／麻油,調味料及香辛料類
1664,波菜,蔬菜類
1665,市售咖哩塊,調味料及香辛料類
1666,豬後腿肉,豆魚蛋肉類
1667,中型紅蘿蔔,蔬菜類
1668,小顆馬鈴薯,全榖雜糧類
1669,梅花豬肉,豆魚蛋肉類
1670,桂圓,加工調理食品及其他類
1671,豬里肌肉排,豆魚蛋肉類
1672,豆包,油脂與堅果種子類
1673,溫熱水,未分類
1674,葡萄乾(依喜好添加),水果類
1675,胡桃碎(依喜好添加),油脂與堅果種子類
1676,豬小排（全聯）,豆魚蛋肉類
1677,十三香豬肉片,豆魚蛋肉類
1678,熟南瓜片,蔬菜類
1679,蔥段蔥花,加工調理食品及其他類
1680,干貝,調味料及香辛料類
1681,醬油露,調味料及香辛料類
1682,豬大腸,豆魚蛋肉類
1683,冷凍酥皮（大片）或蛋塔皮,全榖雜糧類
1684,細沙糖,調味料及香辛料類
1685,塔塔粉,加工調理食品及其他類
1686,環狀模型,未分類
1687,鮮味炒手,調味料及香辛料類
1688,千張腐皮餛飩,加工調理食品及其他類
1689,有機小白菜,蔬菜類
1690,豬五花肉,豆魚蛋肉類
1691,食用色粉（粉紅）,豆魚蛋肉類
1692,豆瓣醬（微辣）,調味料及香辛料類
1693,蔥分切為蔥白與蔥綠,蔬菜類
1694,地瓜葉,蔬菜類
1695,菜脯米（蘿蔔乾絲）,蔬菜類
1696,菜脯碎,未分類
1697,乾香菇碎,蔬菜類
1698,香料共和國五香粉,調味料及香辛料類
1699,牛小排,豆魚蛋肉類
1700,市售草莓果醬,水果類
1701,白胡椒粉/黑胡椒粒/蒜粉,調味料及香辛料類
1702,味噌(我使用信州味噌),調味料及香辛料類
1703,速發現酵母,調味料及香辛料類
1704,雞腿塊,加工調理食品及其他類
1705,生香菇,蔬菜類
1706,澳洲牛腱,豆魚蛋肉類
1707,生豆包,加工調理食品及其他類
1708,豬里肌肉,豆魚蛋肉類
1709,紅彩椒,蔬菜類
1710,黃彩椒,蔬菜類
1711,醋,調味料及香辛料類
1712,柚子葉或粽葉,未分類
1713,艾草汁,未分類
1714,艾草葉,未分類
1715,鮭魚排,豆魚蛋肉類
1716,研磨黑胡椒,調味料及香辛料類
1717,角椒,蔬菜類
1718,白芝麻油,油脂與堅果種子類
1719,亞麻蛋,油脂與堅果種子類
1720,溫豆漿,加工調理食品及其他類
1721,赤藻糖醇/砂糖,糖類
1722,黃豆粉,豆魚蛋肉類
1723,杏仁果醬,調味料及香辛料類
1724,椰棗泥,豆魚蛋肉類
1725,(選用)巧克力碎,乳品類
1726,(選用)杏仁條,加工調理食品及其他類
1727,(選用)黃金版羅漢果糖/二砂,糖類
1728,鹹豬肉(熟-切絲),豆魚蛋肉類
1729,A菜心(窩筍),蔬菜類
1730,鹽(醃菜心用),蔬菜類
1731,水（含香菇水）,未分類
1732,蘭姆酒(提香用可略),未分類
1733,新鮮雞蛋,豆魚蛋肉類
1734,芝麻油(香油),調味料及香辛料類
1735,川露薄鹽油膏,油脂與堅果種子類
1736,日本太白粉,加工調理食品及其他類
1737,滾水,未分類
1738,JIA蒸鍋蒸籠,未分類
1739,百里香粉,加工調理食品及其他類
1740,喜歡的起司,乳品類
1741,牛腱心,水果類
1742,牛筋,豆魚蛋肉類
1743,去骨雞腿排,豆魚蛋肉類
1744,花椒油,油脂與堅果種子類
1745,醃製雞軟骨,豆魚蛋肉類
1746,水果醋,全榖雜糧類
1747,蝦泥,豆魚蛋肉類
1748,韭菜花,蔬菜類
1749,無糖可可粉（法芙娜）,加工調理食品及其他類
1750,竹筍,蔬菜類
1751,宜蘭鴨賞,加工調理食品及其他類
1752,清水或牛奶,水果類
1753,其他:玉米筍OR花椰菜,全榖雜糧類
1754,過貓,蔬菜類
1755,白醋/蘋果醋,乳品類
1756,糖/赤藻醣醇,未分類
1757,豬五花(三層肉),豆魚蛋肉類
1758,梅干菜,加工調理食品及其他類
1759,冰糖/糖,糖類
1760,豬中里肌肉,豆魚蛋肉類
1761,牛腱子心,豆魚蛋肉類
1762,蕃茄糊,蔬菜類
1763,雞湯塊,加工調理食品及其他類
1764,絲瓜,蔬菜類
1765,甜不辣條,調味料及香辛料類
1766,乾蝦仁,豆魚蛋肉類
1767,高山翠玉娃娃菜,蔬菜類
1768,水磨寧波年糕,全榖雜糧類
1769,雞湯,豆魚蛋肉類
1770,草莓及香蕉,水果類
1771,醃梅花肉,豆魚蛋肉類
1772,梅花肉片,豆魚蛋肉類
1773,鮮美露,調味料及香辛料類
1774,馬告（可省略）,未分類
1775,五花豬肉片,豆魚蛋肉類
1776,neoflam炒鍋,未分類
1777,白花菜,蔬菜類
1778,雞里肌,豆魚蛋肉類
1779,XO醬,調味料及香辛料類
1780,白楜椒粉,調味料及香辛料類
1781,水鴨血,豆魚蛋肉類
1782,肉末豬絞肉,豆魚蛋肉類
1783,扁魚干,豆魚蛋肉類
1784,小辣椒,加工調理食品及其他類
1785,雞晶粉,調味料及香辛料類
1786,麻辣鍋底醬,調味料及香辛料類
1787,麻辣鍋底包,未分類
1788,蛋黃液,豆魚蛋肉類
1789,雞蛋或油豆腐,油脂與堅果種子類
1790,北海道生食級干貝,調味料及香辛料類
1791,碗豆仁,豆魚蛋肉類
1792,玫瑰鹽,蔬菜類
1793,黑楜椒粉,調味料及香辛料類
1794,酸白菜,加工調理食品及其他類
1795,尼羅河紅魚（台灣鯛）,豆魚蛋肉類
1796,火鍋丸子,豆魚蛋肉類
1797,熟竹筍,蔬菜類
1798,鴨血,豆魚蛋肉類
1799,牛肉,豆魚蛋肉類
1800,辣豆瓣,調味料及香辛料類
1801,厚切培根,加工調理食品及其他類
1802,新鮮蛋黃,豆魚蛋肉類
1803,帕瑪森硬質乳酪,乳品類
1804,鹽、胡椒,加工調理食品及其他類
1805,動物鮮奶油,油脂與堅果種子類
1806,蔥或巴西里葉,蔬菜類
1807,日式美乃滋（酸香不甜),調味料及香辛料類
1808,13香粉,加工調理食品及其他類
1809,天時冷凍草莓,水果類
1810,梅花豬,豆魚蛋肉類
1811,香菇昆布醬油,調味料及香辛料類
1812,草莓巴薩米克果醬,水果類
1813,烏豆沙,加工調理食品及其他類
1814,T65麵粉或高筋麵粉,全榖雜糧類
1815,波蘭種（可不加）,未分類
1816,起士絲,蔬菜類
1817,黑胡椒顆粒,加工調理食品及其他類
1818,綜合香料,未分類
1819,荷蘭豆,蔬菜類
1820,麵線(有鹹),加工調理食品及其他類
1821,無調味腰果,油脂與堅果種子類
1822,綠荳蔻,調味料及香辛料類
1823,銀色的裝飾,未分類
1824,鱈魚肝,豆魚蛋肉類
1825,奶油（選用）,油脂與堅果種子類
1826,雪梨醋或白酒醋,水果類
1827,四香粉,調味料及香辛料類
1828,肉豆蔻,蔬菜類
1829,丁香,豆魚蛋肉類
1830,十全味噌,調味料及香辛料類
1831,辣椒(可省略),調味料及香辛料類
1832,橄欖油(煎杏鮑菇使用),油脂與堅果種子類
1833,水/鮮奶,加工調理食品及其他類
1834,黑胡椒粉（可省略）,調味料及香辛料類
1835,馬玲薯,全榖雜糧類
1836,高湯或雞湯,調味料及香辛料類
1837,紅蕃薯,全榖雜糧類
1838,糖（看蘋果甜不甜）,調味料及香辛料類
1839,蜂蜜（可以不加）,糖類
1840,蔥油餅皮,油脂與堅果種子類
1841,木薯粉或太白粉,全榖雜糧類
1842,去皮雞胸肉,豆魚蛋肉類
1843,豆皮,加工調理食品及其他類
1844,國產雞肉土雞腿,豆魚蛋肉類
1845,辣椒(不吃辣可省略),調味料及香辛料類
1846,五花肉/梅花肉,豆魚蛋肉類
1847,OTTGOI韓式正Q冬粉,加工調理食品及其他類
1848,搭配食材依喜好準備,未分類
1849,蒜末或蒜泥,豆魚蛋肉類
1850,馬鈴薯(～300-350克),全榖雜糧類
1851,鹽&黑胡椒,加工調理食品及其他類
1852,可樂(易開罐),未分類
1853,茶葉,豆魚蛋肉類
1854,市售滷包,豆魚蛋肉類
1855,速溶酵母,調味料及香辛料類
1856,巧克力粒,乳品類
1857,無鹽牛油,油脂與堅果種子類
1858,麵線,加工調理食品及其他類
1859,帶骨雞肉塊,豆魚蛋肉類
1860,洋蔥(大顆),蔬菜類
1861,鴨蛋,豆魚蛋肉類
1862,烏魚子切片,豆魚蛋肉類
1863,油葱酥,油脂與堅果種子類
1864,粘米粉,加工調理食品及其他類
1865,(香菇)水,蔬菜類
1866,米酒(選用),未分類
1867,乾豆皮,加工調理食品及其他類
1868,白醋（選用),加工調理食品及其他類
1869,紅蔥頭（或油蔥酥一些）,蔬菜類
1870,香油、橄欖油,調味料及香辛料類
1871,青蚵,蔬菜類
1872,薑末、蒜末,未分類
1873,辣椒粉、胡椒適量,調味料及香辛料類
1874,綠色櫛瓜,蔬菜類
1875,大洋蔥,蔬菜類
1876,咖喱粉A,調味料及香辛料類
1877,咖喱粉B,調味料及香辛料類
1878,咖喱塊中辣,調味料及香辛料類
1879,咖喱塊甜味,調味料及香辛料類
1880,蘋果切塊（可省略）,水果類
1881,日本濃縮壽喜燒汁,未分類
1882,肥牛片,豆魚蛋肉類
1883,小杏鮑菇,蔬菜類
1884,嫰豆腐,加工調理食品及其他類
1885,配料,未分類
1886,苦甜巧克力,乳品類
1887,黑巧克力粉,加工調理食品及其他類
1888,白巧克力,乳品類
1889,小顆棉花糖,調味料及香辛料類
1890,生米,全榖雜糧類
1891,堅果碎,加工調理食品及其他類
1892,黑木耳切絲,蔬菜類
1893,全麥粉,全榖雜糧類
1894,碳烤咖啡粉,加工調理食品及其他類
1895,中筋麵粉1,全榖雜糧類
1896,麥芽糖或糖漿,糖類
1897,桂圓(龍眼乾),水果類
1898,蓮子(生),油脂與堅果種子類
1899,客家油蔥酥,調味料及香辛料類
1900,淡味醬油,調味料及香辛料類
1901,米血糕,加工調理食品及其他類
1902,黑輪條,加工調理食品及其他類
1903,黑痲油,油脂與堅果種子類
1904,水果,全榖雜糧類
1905,叉子,蔬菜類
1906,蛤蜊(已吐沙),未分類
1907,花枝蝦漿,加工調理食品及其他類
1908,黑芝麻醬,調味料及香辛料類
1909,雞胸肉片,豆魚蛋肉類
1910,寬麵條,加工調理食品及其他類
1911,開水或牛奶,水果類
1912,無糖可可粉,加工調理食品及其他類
1913,熟核桃,油脂與堅果種子類
1914,中卷,蔬菜類
1915,羊肉或牛肉,豆魚蛋肉類
1916,乾燥巴西里,未分類
1917,乾燥奧勒岡,未分類
1918,高湯塊,調味料及香辛料類
1919,肉荳蔻粉Nutmeg,調味料及香辛料類
1920,乾飯,蔬菜類
1921,市售冷凍酥皮,加工調理食品及其他類
1922,矽膠刷(或毛刷),未分類
1923,水果刀,全榖雜糧類
1924,小碗,豆魚蛋肉類
1925,烤盤,加工調理食品及其他類
1926,烘焙紙,未分類
1927,裝水的小盤子,未分類
1928,洋蔥切絲,蔬菜類
1929,鹽及胡椒,調味料及香辛料類
1930,雞蛋(約200g),豆魚蛋肉類
1931,牛奶1,水果類
1932,牛奶2,水果類
1933,手指餅乾,全榖雜糧類
1934,咖啡酒,油脂與堅果種子類
1935,防潮可可粉(依個人喜好隨意加),加工調理食品及其他類
1936,濃縮咖啡,未分類
1937,筍乾,蔬菜類
1938,鮭魚肉/雞肉絲或肉絲,豆魚蛋肉類
1939,黑/白胡椒,加工調理食品及其他類
1940,蠔油/醬油膏,調味料及香辛料類
1941,草莓凍乾,水果類
1942,黑蔴油,油脂與堅果種子類
1943,全聯豬絞肉(細）,豆魚蛋肉類
1944,三角豆腐,加工調理食品及其他類
1945,關廟麵,加工調理食品及其他類
1946,土雞腿,豆魚蛋肉類
1947,蒜瓣(小瓣),調味料及香辛料類
1948,辣椒(依個人喜好增減),調味料及香辛料類
1949,熟花生,調味料及香辛料類
1950,味精(可不加),調味料及香辛料類
1951,蒜(切末),調味料及香辛料類
1952,水(量米杯),未分類
1953,泡打粉(見小撇步),未分類
1954,香草精(可略),未分類
1955,檸檬汁(白醋也可),水果類
1956,紅辣椒(剁碎好的量約4杯),調味料及香辛料類
1957,米酒頭(或米酒、高粱酒),油脂與堅果種子類
1958,植物油或豬油,油脂與堅果種子類
1959,蒜苗炒豬肉,豆魚蛋肉類
1960,蒟蒻卷,全榖雜糧類
1961,煎餅粉,加工調理食品及其他類
1962,醋（可有可無,加工調理食品及其他類
1963,海苔粉或海苔絲,調味料及香辛料類
1964,糯米,全榖雜糧類
1965,椰子油（或豬油）,油脂與堅果種子類
1966,紅豆沙/紅豆餡,豆魚蛋肉類
1967,南瓜籽,油脂與堅果種子類
1968,核桃仁,油脂與堅果種子類
1969,胎菊或杭白菊,蔬菜類
1970,大雞蛋,豆魚蛋肉類
1971,豆沙餡,加工調理食品及其他類
1972,桂花釀,未分類
1973,雕魚,豆魚蛋肉類
1974,蒸熟的芋頭塊,全榖雜糧類
1975,防沾用太白粉,加工調理食品及其他類
1976,鹹鴨蛋蛋黃,豆魚蛋肉類
1977,完整的杏仁片,加工調理食品及其他類
1978,雞骨,豆魚蛋肉類
1979,仿雞腿,蔬菜類
1980,無調味核桃,油脂與堅果種子類
1981,無調味榛果,油脂與堅果種子類
1982,義美生機草莓果乾,水果類
1983,勾芡水,未分類
1984,甜橙,水果類
1985,萵筍,蔬菜類
1986,食用鹽,未分類
1987,黑麻油,油脂與堅果種子類
1988,雞晶,豆魚蛋肉類
1989,黑豆豉,加工調理食品及其他類
1990,中粉,全榖雜糧類
1991,冷的白飯,全榖雜糧類
1992,市售龍蝦沙拉,加工調理食品及其他類
1993,桂冠沙拉醬,調味料及香辛料類
1994,日式海苔片,調味料及香辛料類
1995,焗烤用起司,乳品類
1996,蔥花、蒜末,加工調理食品及其他類
1997,紅辣椒，去籽切碎,調味料及香辛料類
1998,醬油、冷開水,調味料及香辛料類
1999,三層豬肉,豆魚蛋肉類
2000,青葱,蔬菜類
2001,料酒,加工調理食品及其他類
2002,香油/蔴油,調味料及香辛料類
2003,各式乾果,水果類
2004,碎核桃仁,油脂與堅果種子類
2005,低碳無糖預拌粉,加工調理食品及其他類
2006,植物油或奶油,油脂與堅果種子類
2007,白玫瑰即溶快發乾酵母,調味料及香辛料類
2008,蘿蔓生菜,蔬菜類
2009,義大利綜合香料,蔬菜類
2010,巴薩米可醋,調味料及香辛料類
2011,金棗,加工調理食品及其他類
2012,水麥芽,糖類
2013,香草莢1各或香草精,未分類
2014,甜點師低筋麵粉,全榖雜糧類
2015,醋（果醋/白醋都可）,加工調理食品及其他類
2016,豬里肌火鍋肉片,豆魚蛋肉類
2017,山茼蒿,蔬菜類
2018,奶油奶酪,油脂與堅果種子類
2019,蔥段及薑片,蔬菜類
2020,豬絞肉細,豆魚蛋肉類
2021,新鮮牛番茄,蔬菜類
2022,番茄罐頭（整顆的）,蔬菜類
2023,起酥皮,加工調理食品及其他類
2024,甜粿,未分類
2025,大番茄,蔬菜類
2026,耐烤巧克力豆,加工調理食品及其他類
2027,二號砂糖,糖類
2028,鹽（建議不省略）,未分類
2029,葡萄籽油或橄欖油,油脂與堅果種子類
2030,烘焙杏仁粉或堅果粉,全榖雜糧類
2031,蝦頭,豆魚蛋肉類
2032,新鮮酵母,調味料及香辛料類
2033,鹽、胡椒粉,調味料及香辛料類
2034,水煮鮪魚罐頭,加工調理食品及其他類
2035,芥菜,蔬菜類
2036,金門高粱醋,調味料及香辛料類
2037,蔬菜油,油脂與堅果種子類
2038,水磨蘿蔔糕粉,蔬菜類
2039,臘腸(切粒),未分類
2040,香菇(切粒),蔬菜類
2041,蝦米(切粒),豆魚蛋肉類
2042,蘿蔔水➕香菇水,蔬菜類
2043,芋泥,加工調理食品及其他類
2044,越南米紙,全榖雜糧類
2045,冷燻鮭魚,調味料及香辛料類
2046,香鬆,調味料及香辛料類
2047,牛蒡,蔬菜類
2048,板豆腐／硬豆腐,加工調理食品及其他類
2049,黑巧克力,乳品類
2050,馬鈴薯(削皮後),全榖雜糧類
2051,起司(可省略),乳品類
2052,有機蛋,蔬菜類
2053,黑豆酒,蔬菜類
2054,豬肉和牛肉混合的絞肉,豆魚蛋肉類
2055,全聯草蝦,豆魚蛋肉類
2056,四季醬油,調味料及香辛料類
2057,韓國芝麻油,油脂與堅果種子類
2058,蛋豆腐,加工調理食品及其他類
2059,芡水,油脂與堅果種子類
2060,羅馬花椰菜,蔬菜類
2061,白花椰菜,蔬菜類
2062,蔥花或香菜,蔬菜類
2063,原味沙拉醬,調味料及香辛料類
2064,液體油,油脂與堅果種子類
2065,白生芝麻,油脂與堅果種子類
2066,豆包（未油炸,油脂與堅果種子類
2067,海苔（紫菜）,蔬菜類
2068,紅蘿蔔（用麻油和鹽炒）,加工調理食品及其他類
2069,醃蘿蔔,蔬菜類
2070,白糖（或紅糖）,糖類
2071,蒜未,調味料及香辛料類
2072,白芝蔴,油脂與堅果種子類
2073,辣椒未,蔬菜類
2074,薑未,蔬菜類
2075,脆瓜,水果類
2076,魚版,豆魚蛋肉類
2077,高麗菜或白菜,蔬菜類
2078,全聯牛肉絲,豆魚蛋肉類
2079,日本洋蔥,蔬菜類
2080,粗辣椒粉,調味料及香辛料類
2081,紅豆牛奶年糕,豆魚蛋肉類
2082,椰子油或沙拉油,油脂與堅果種子類
2083,中大型蛤蜊,豆魚蛋肉類
2084,煮蛤蜊的水,未分類
2085,蛤蜊高湯(煮完蛤蜊的水),調味料及香辛料類
2086,洋香菜,調味料及香辛料類
2087,紅蘿蔔丁,加工調理食品及其他類
2088,蘑菇片,蔬菜類
2089,蕈菇高湯,調味料及香辛料類
2090,美乃滋+奶油,油脂與堅果種子類
2091,黃薑粉,調味料及香辛料類
2092,土雞翅,豆魚蛋肉類
2093,美濃板條,水果類
2094,青紅黃椒,調味料及香辛料類
2095,蘿蔔,蔬菜類
2096,寧記辣椒醬,調味料及香辛料類
2097,香草冰淇淋,加工調理食品及其他類
2098,Oreo餅乾,全榖雜糧類
2099,乾辣椒末,蔬菜類
2100,去骨鯛魚,調味料及香辛料類
2101,甜椒總量,蔬菜類
2102,木薯粉（或樹薯粉）,全榖雜糧類
2103,中型白菜,蔬菜類
2104,茼蒿,蔬菜類
2105,雞肉絲,豆魚蛋肉類
2106,雞骨，雞脖子,豆魚蛋肉類
2107,糖(可略),調味料及香辛料類
2108,軟質花生醬,調味料及香辛料類
2109,龍眼乾或葡萄乾,水果類
2110,乾麵條,加工調理食品及其他類
2111,台灣乾香菇,蔬菜類
2112,豬腰內肉,豆魚蛋肉類
2113,料理米酒,加工調理食品及其他類
2114,紅豆,豆魚蛋肉類
2115,雞腩胇,豆魚蛋肉類
2116,熟玉米,全榖雜糧類
2117,臘肉（1條）,豆魚蛋肉類
2118,馬鈴薯(台塑蔬菜),全榖雜糧類
2119,紅蘿蔔(台塑蔬菜),蔬菜類
2120,胛心肉或梅花肉,豆魚蛋肉類
2121,醬油露(醬油),調味料及香辛料類
2122,醬油膏(素蠔油),調味料及香辛料類
2123,冰糖(砂糖),糖類
2124,黑胡椒(胡椒粉),加工調理食品及其他類
2125,蝦/蝦仁,豆魚蛋肉類
2126,新鮮豬肝,豆魚蛋肉類
2127,高麗菜切小塊,蔬菜類
2128,麵條或者是麵線,加工調理食品及其他類
2129,烏魚子,豆魚蛋肉類
2130,台式黑糖年糕,糖類
2131,日本年糕,蔬菜類
2132,醜豆,豆魚蛋肉類
2133,乾燥打拋葉,未分類
2134,腐皮,加工調理食品及其他類
2135,豬五花肉條,豆魚蛋肉類
2136,白玉粉or糯米粉,加工調理食品及其他類
2137,芝麻粉or花生粉,油脂與堅果種子類
2138,全素蕈菇高湯,調味料及香辛料類
2139,零添加醬油,調味料及香辛料類
2140,鰹魚高湯包,調味料及香辛料類
2141,紅糖,糖類
2142,養樂多,未分類
2143,核桃/胡桃,油脂與堅果種子類
2144,無鹽奶油（室溫）,油脂與堅果種子類
2145,葱段,蔬菜類
2146,猪肉絲,豆魚蛋肉類
2147,芡粉,調味料及香辛料類
2148,雞翅,加工調理食品及其他類
2149,蒜粉,調味料及香辛料類
2150,巧克力醬,調味料及香辛料類
2151,(香蒜)黑胡椒鹽,調味料及香辛料類
2152,(黑)胡椒粉,調味料及香辛料類
2153,炊粉（米粉）,加工調理食品及其他類
2154,後腿豬肉絲,豆魚蛋肉類
2155,高麗菜或小白菜,蔬菜類
2156,玉米粉或太白粉,全榖雜糧類
2157,高山娃娃菜,蔬菜類
2158,乾干貝,豆魚蛋肉類
2159,米麵粉,加工調理食品及其他類
2160,紫芋粉,全榖雜糧類
2161,豬腱肉,豆魚蛋肉類
2162,黑胡椒(醃漬),加工調理食品及其他類
2163,黑胡椒(調味),加工調理食品及其他類
2164,乾燥百里香,調味料及香辛料類
2165,蛋（2顆）,豆魚蛋肉類
2166,花生油,油脂與堅果種子類
2167,蜂蜜or楓糖,糖類
2168,白糖or糖粉,調味料及香辛料類
2169,香草精（可加可不加）,未分類
2170,草莓（自行斟酌）,水果類
2171,香菜(不喜可省略),調味料及香辛料類
2172,梅子味噌,調味料及香辛料類
2173,黃酒,豆魚蛋肉類
2174,魚,豆魚蛋肉類
2175,炸油,油脂與堅果種子類
2176,杏仁麵粉,加工調理食品及其他類
2177,開心果醬,油脂與堅果種子類
2178,開心果,油脂與堅果種子類
2179,蒜片(或蒜末),未分類
2180,豬絞肉或豬肉絲,豆魚蛋肉類
2181,椰子油（可用植物油替代）,油脂與堅果種子類
2182,砂糖B,糖類
2183,雞蛋（冷藏）,豆魚蛋肉類
2184,菜心,蔬菜類
2185,冰水(泡吉利丁用),未分類
2186,玉米麵,全榖雜糧類
2187,兩節翅(大約14支),豆魚蛋肉類
2188,冷凍魚板,加工調理食品及其他類
2189,十三香粉,加工調理食品及其他類
2190,中型番茄,蔬菜類
2191,番茄膏,蔬菜類
2192,甜桃,水果類
2193,二砂糖(或普通砂糖),糖類
2194,可可膏,水果類
2195,海藻糖(或砂糖22g),糖類
2196,雞脖子,豆魚蛋肉類
2197,新鮮草莓(實秤),水果類
2198,小麥胚芽,全榖雜糧類
2199,常溫水,未分類
2200,雞胗,豆魚蛋肉類
2201,花枝丸,加工調理食品及其他類
2202,韮菜花,蔬菜類
2203,猪絞肉,豆魚蛋肉類
2204,巴沙魚排,豆魚蛋肉類
2205,青花椒(或一般花椒),調味料及香辛料類
2206,青辣椒,蔬菜類
2207,去骨大雞腿,蔬菜類
2208,燕麥奶（或牛奶）,全榖雜糧類
2209,希臘酸奶,乳品類
2210,奇亞籽,油脂與堅果種子類
2211,小蕃茄切半(或二個大蕃茄),蔬菜類
2212,乾香菇或濕香菇,蔬菜類
2213,青江菜或其他綠色蔬菜,蔬菜類
2214,蔥(蔥白切段/蔥綠切蔥花),加工調理食品及其他類
2215,蒜，切片,豆魚蛋肉類
2216,"紅辣椒,切片",調味料及香辛料類
2217,無鹽雞高湯(或開水),調味料及香辛料類
2218,市售細麵條,加工調理食品及其他類
2219,鹽巴(雞粉或素香菇粉),蔬菜類
2220,水（浸泡雞胸肉使用）,豆魚蛋肉類
2221,鹽（浸泡雞胸肉使用）,豆魚蛋肉類
2222,水（煮雞胸肉使用）,豆魚蛋肉類
2223,鵝油香蔥（HOLA購入）,調味料及香辛料類
2224,帶骨牛小排,豆魚蛋肉類
2225,香辣粉,調味料及香辛料類
2226,蘋果切片,水果類
2227,酥皮/派皮,未分類
2228,二砂糖/細砂糖,糖類
2229,細糖粉（可省略）,調味料及香辛料類
2230,香蕉(去皮),豆魚蛋肉類
2231,起酥片,加工調理食品及其他類
2232,鴨肉,豆魚蛋肉類
2233,珠蔥,蔬菜類
2234,綠金桔或檸檬,水果類
2235,紅蔥油,油脂與堅果種子類
2236,蘋果泥,水果類
2237,伯爵茶粉,加工調理食品及其他類
2238,豬排醬,調味料及香辛料類
2239,荷包蛋,豆魚蛋肉類
2240,義大利麵條,調味料及香辛料類
2241,蔬菜隨喜，我用櫛瓜,蔬菜類
2242,開水或高湯,未分類
2243,鹽巴與胡椒粉,調味料及香辛料類
2244,純可可粉,加工調理食品及其他類
2245,長糯米(約125G),全榖雜糧類
2246,鮮蝦(尺寸偏小),豆魚蛋肉類
2247,醬油、魚露、白胡椒粉,調味料及香辛料類
2248,薑，切末,調味料及香辛料類
2249,乾香菇，切碎,蔬菜類
2250,芫荽或芹菜，切碎,蔬菜類
2251,紅蘿蔔，切碎,加工調理食品及其他類
2252,切丁椰棗,水果類
2253,糙米醬油,調味料及香辛料類
2254,酥皮片,未分類
2255,湯圓,加工調理食品及其他類
2256,黑芝麻/腰果碎,油脂與堅果種子類
2257,防潮糖粉,調味料及香辛料類
2258,細砂糖（蛋白霜用）,豆魚蛋肉類
2259,細砂糖（蛋黃糊用）,豆魚蛋肉類
2260,牛肋條加牛腱,豆魚蛋肉類
2261,大蒜胡椒,調味料及香辛料類
2262,蒜味烤肉醬,調味料及香辛料類
2263,豬皮（怕油膩者可不加）,豆魚蛋肉類
2264,大蔥,蔬菜類
2265,豬骨高湯塊,調味料及香辛料類
2266,八角粒,調味料及香辛料類
2267,胡椒鹽（可不放）,未分類
2268,老抽醬油（調色用）,調味料及香辛料類
2269,蕃茄糊罐頭,蔬菜類
2270,匈牙利紅椒粉,加工調理食品及其他類
2271,乾燥奧樂剛,未分類
2272,菲達起司Feta,乳品類
2273,葱絲,蔬菜類
2274,紅辣椒丁,調味料及香辛料類
2275,薑片及蒜頭,調味料及香辛料類
2276,香草精(可省略),未分類
2277,雞肉（去皮去骨）,豆魚蛋肉類
2278,芫荽籽粉,蔬菜類
2279,糖或蜂蜜,糖類
2280,蛋清,豆魚蛋肉類
2281,無鹽奶油或濃稠酸奶,油脂與堅果種子類
2282,杏仁粒,全榖雜糧類
2283,素雞切片,豆魚蛋肉類
2284,酒香剁椒（或新鮮辣椒）,調味料及香辛料類
2285,香油（最後再撒上）,調味料及香辛料類
2286,見步驟1,未分類
2287,見步驟2,未分類
2288,食用常溫水,未分類
2289,表面泡泡1,未分類
2290,牛肚,豆魚蛋肉類
2291,滷汁,未分類
2292,大白蝦,豆魚蛋肉類
2293,辣油(不吃辣可省略),油脂與堅果種子類
2294,蘿蔔糕,蔬菜類
2295,鹹菜脯（可省略）,未分類
2296,玄米油或食用油,油脂與堅果種子類
2297,水餃,加工調理食品及其他類
2298,冰糖（建議用砂糖替代）,糖類
2299,芝麻粉（可省略）,油脂與堅果種子類
2300,蔭油膏,油脂與堅果種子類
2301,鹽（調整用）,乳品類
2302,義式香料粉,加工調理食品及其他類
2303,草莓乾,水果類
2304,綜合果乾,加工調理食品及其他類
2305,去骨雞腿肉或雞胸肉,豆魚蛋肉類
2306,在來米,全榖雜糧類
2307,龍利魚片,加工調理食品及其他類
2308,鰹魚醬油露,調味料及香辛料類
2309,亁魷魚,豆魚蛋肉類
2310,亁香菇,蔬菜類
2311,金棗(金柑),水果類
2312,粗鹽,調味料及香辛料類
2313,粗麵條,加工調理食品及其他類
2314,筍絲,蔬菜類
2315,蟹管肉,豆魚蛋肉類
2316,米酒(抓蟹管肉用),豆魚蛋肉類
2317,豬五花,豆魚蛋肉類
2318,醬油膏(或蠔油),調味料及香辛料類
2319,紅麴粉,調味料及香辛料類
2320,粽葉,加工調理食品及其他類
2321,脫皮綠豆,豆魚蛋肉類
2322,炒油,油脂與堅果種子類
2323,赤藻醣,加工調理食品及其他類
2324,玄米油,油脂與堅果種子類
2325,柳橙皮(盛裝用),水果類
2326,柳橙果肉,水果類
2327,冷凍蝦,豆魚蛋肉類
2328,冷凍熟毛豆,豆魚蛋肉類
2329,咖喱塊,調味料及香辛料類
2330,仿仔雞,油脂與堅果種子類
2331,芥菜心,蔬菜類
2332,小香菇,蔬菜類
2333,塩巴,未分類
2334,老薑母片,蔬菜類
2335,牛五花肉片,豆魚蛋肉類
2336,春菊(山茼蒿),蔬菜類
2337,餃子,加工調理食品及其他類
2338,去皮雞胸肉（全聯真善美）,豆魚蛋肉類
2339,新鮮迷迭香（約8公分長）,調味料及香辛料類
2340,小磨坊義式香料,調味料及香辛料類
2341,喜馬拉雅岩鹽,調味料及香辛料類
2342,密封夾鏈袋（耐溫60度以上）,未分類
2343,海藻糖,調味料及香辛料類
2344,醃料,未分類
2345,液態油,油脂與堅果種子類
2346,享樂蜂蜜,未分類
2347,DOMO米其林神盾礦石深平底鍋,未分類
2348,細豬絞肉,豆魚蛋肉類
2349,蔥薑蒜,調味料及香辛料類
2350,三顆帶殼60克的蛋,豆魚蛋肉類
2351,紫米160g,全榖雜糧類
2352,圓糯米150g,全榖雜糧類
2353,枸杞（裝飾用）,蔬菜類
2354,紫米水,全榖雜糧類
2355,紅蘿蔔(不加也可以),加工調理食品及其他類
2356,廣式臘腸,未分類
2357,烏魚子五兩,豆魚蛋肉類
2358,58度高梁酒或高度白酒,全榖雜糧類
2359,麵泡,加工調理食品及其他類
2360,傳統豆腐,加工調理食品及其他類
2361,焗烤用起司絲,蔬菜類
2362,燒肉醬,調味料及香辛料類
2363,透抽（軟體頭足類海鮮均可）,豆魚蛋肉類
2364,桂冠原味沙拉,調味料及香辛料類
2365,檸檬皮屑（可無）,水果類
2366,味噌醬,調味料及香辛料類
2367,白芝麻（增添香氣可無）,油脂與堅果種子類
2368,豬肉,豆魚蛋肉類
2369,筍干,加工調理食品及其他類
2370,日清鬆餅粉,加工調理食品及其他類
2371,融化巧克力,乳品類
2372,花蓮酒糟豬腩排,豆魚蛋肉類
2373,金棗果醬,調味料及香辛料類
2374,高粱酒或米酒,加工調理食品及其他類
2375,彩椒丁,蔬菜類
2376,花生醬,調味料及香辛料類
2377,天然可可粉(非荷蘭式),調味料及香辛料類
2378,香蒜粒,調味料及香辛料類
2379,比目魚,豆魚蛋肉類
2380,杏鮑姑,蔬菜類
2381,雞切塊,加工調理食品及其他類
2382,樸活小鋪黑糖,糖類
2383,美國OXO量杯,未分類
2384,三層肉後面那塊三角肉,豆魚蛋肉類
2385,滷包或八角,調味料及香辛料類
2386,老魯汁,未分類
2387,洋蔥切細丁,蔬菜類
2388,中辣咖哩塊,調味料及香辛料類
2389,鱸魚排,豆魚蛋肉類
2390,蒸魚醬油,調味料及香辛料類
2391,紅蔥頭末,蔬菜類
2392,芫荽,蔬菜類
2393,高粱酒,未分類
2394,精緻細砂糖,調味料及香辛料類
2395,香檬原汁,水果類
2396,青梅or紫蘇梅,蔬菜類
2397,鍋燒意麵體,加工調理食品及其他類
2398,砂糖（焦糖用）,糖類
2399,水（焦糖用）,未分類
2400,熱水（焦糖用）,未分類
2401,米輪,全榖雜糧類
2402,泡香菇水,未分類
2403,草莓及香蕉片,水果類
2404,小鱈魚丸,加工調理食品及其他類
2405,辣椒面,蔬菜類
2406,豬梅花絞肉,豆魚蛋肉類
2407,薑（片）,豆魚蛋肉類
2408,香草精（沒有可以省略）,未分類
2409,烘培紙（沒有可省略）,未分類
2410,酥皮,調味料及香辛料類
2411,下港排骨酥,調味料及香辛料類
2412,[炸]蒜頭,調味料及香辛料類
2413,[炸]芋頭,全榖雜糧類
2414,[炸]鳥蛋,豆魚蛋肉類
2415,海篸,豆魚蛋肉類
2416,魚皮,豆魚蛋肉類
2417,鮑魚,豆魚蛋肉類
2418,蹄筋,豆魚蛋肉類
2419,[調味]白胡椒粉,調味料及香辛料類
2420,[調味]醬油,調味料及香辛料類
2421,[調味]烏醋,調味料及香辛料類
2422,[調味]米酒,調味料及香辛料類
2423,牛尾巴,豆魚蛋肉類
2424,氣炸牛肉丸,豆魚蛋肉類
2425,洋蔥大,蔬菜類
2426,赤藻糖醇,加工調理食品及其他類
2427,熱滾水,未分類
2428,特大雞蛋,豆魚蛋肉類
2429,吞拿魚,豆魚蛋肉類
2430,蛋黃醬,豆魚蛋肉類
2431,小土雞一隻,豆魚蛋肉類
2432,人蔘雞藥材包,蔬菜類
2433,水磨糯米粉/糯米粉,全榖雜糧類
2434,羅漢果醣,未分類
2435,剩飯,全榖雜糧類
2436,大豆干,油脂與堅果種子類
2437,粿條,加工調理食品及其他類
2438,臘腸,豆魚蛋肉類
2439,泰國甜醬油,調味料及香辛料類
2440,帶皮白蘿蔔,蔬菜類
2441,日正在來米粉,加工調理食品及其他類
2442,豬梅花肉片,豆魚蛋肉類
2443,蠔油或醬油膏,調味料及香辛料類
2444,鵝油香蔥,油脂與堅果種子類
2445,雞精粉,加工調理食品及其他類
2446,蒜片或末,未分類
2447,葱花,加工調理食品及其他類
2448,馬斯卡彭起司,乳品類
2449,即溶咖啡粉(加50g熱水溶開,調味料及香辛料類
2450,防潮可可粉(表面裝飾),加工調理食品及其他類
2451,醬油及蠔油,調味料及香辛料類
2452,魚露醬油(或鮮美露),調味料及香辛料類
2453,鱈魚,豆魚蛋肉類
2454,豆酥,調味料及香辛料類
2455,虱目魚皮或鮭魚肉丁,豆魚蛋肉類
2456,紅蘿蔔切片,加工調理食品及其他類
2457,青蔥切成蔥花,蔬菜類
2458,日式白味噌/韓國原味大醬,調味料及香辛料類
2459,米酒或味霖,未分類
2460,鯖魚(無鹽或薄鹽),豆魚蛋肉類
2461,手作蕃茄醬(拿坡里),調味料及香辛料類
2462,(素)蠔油,調味料及香辛料類
2463,麥芽糖,糖類
2464,圓櫛瓜,蔬菜類
2465,肉絲或肉片,豆魚蛋肉類
2466,義美蔥抓餅,加工調理食品及其他類
2467,福菜肉餡,豆魚蛋肉類
2468,芝麻(可略),油脂與堅果種子類
2469,豆腐(捏碎),加工調理食品及其他類
2470,蝦漿,豆魚蛋肉類
2471,明太子,豆魚蛋肉類
2472,日式美奶滋,調味料及香辛料類
2473,帶皮羊肉,豆魚蛋肉類
2474,羊肉爐藥膳包,調味料及香辛料類
2475,豬皮,豆魚蛋肉類
2476,鵪鶉蛋,豆魚蛋肉類
2477,乾香菇(泡軟),蔬菜類
2478,牛腩,豆魚蛋肉類
2479,紅白蘿蔔,蔬菜類
2480,鹽巴(去青用),未分類
2481,喜達番茄醬,調味料及香辛料類
2482,泡麵,加工調理食品及其他類
2483,調味粉,加工調理食品及其他類
2484,蘑菇（洋菇）,蔬菜類
2485,清水or雞高湯,豆魚蛋肉類
2486,小磨坊義大利香料,蔬菜類
2487,那個魚,調味料及香辛料類
2488,6吋活動圓模,未分類
2489,溫開水,未分類
2490,紅喜菇,蔬菜類
2491,綜合義大利香草,水果類
2492,五香粉（可不加）,調味料及香辛料類
2493,青蔥（蔥花）,蔬菜類
2494,羊肉（牛肉亦可）,調味料及香辛料類
2495,孜然,未分類
2496,芫荽籽,蔬菜類
2497,紅椒粉或辣椒粉,調味料及香辛料類
2498,豆腐麵,加工調理食品及其他類
2499,去籽椰棗,水果類
2500,胡桃,蔬菜類
2501,72%黑巧克力,乳品類
2502,蟹肉腳,豆魚蛋肉類
2503,帶皮豬五花肉條,豆魚蛋肉類
2504,馬告,未分類
2505,菇,蔬菜類
2506,Cheese,乳品類
2507,豬胛心肉,豆魚蛋肉類
2508,香料,調味料及香辛料類
2509,芥蘭苗,蔬菜類
2510,小地瓜,水果類
2511,麻辣鍋底塊,未分類
2512,木耳絲,蔬菜類
2513,香菜蔥花,加工調理食品及其他類
2514,紅豆沙,豆魚蛋肉類
2515,乾魷魚,豆魚蛋肉類
2516,金鉤蝦,豆魚蛋肉類
2517,泡魷魚水,豆魚蛋肉類
2518,馬鈴薯(中型）,全榖雜糧類
2519,起司碎,乳品類
2520,黑蒜頭（可用蒜頭）,調味料及香辛料類
2521,菜脯乾,蔬菜類
2522,小干貝,調味料及香辛料類
2523,水麥芽糖,糖類
2524,蒸熟腰果(事先浸泡一晚),油脂與堅果種子類
2525,椰子細粉,調味料及香辛料類
2526,金針去硬梗,蔬菜類
2527,蔥抓餅（酥皮也可）,加工調理食品及其他類
2528,白芝麻或者黑芝麻粒少許,油脂與堅果種子類
2529,（無糖）蘋果醋,乳品類
2530,嫩薑,蔬菜類
2531,紹興酒或花雕酒,加工調理食品及其他類
2532,獅子頭,未分類
2533,豆瓣,蔬菜類
2534,蔥粒,蔬菜類
2535,豬小排,豆魚蛋肉類
2536,乾栗子,油脂與堅果種子類
2537,辣椒去籽,蔬菜類
2538,蒸肉粉,調味料及香辛料類
2539,虱目魚皮,豆魚蛋肉類
2540,味霖或少糖,調味料及香辛料類
2541,南瓜切塊,蔬菜類
2542,櫛瓜切薄片,蔬菜類
2543,胡椒粉與起司粉,調味料及香辛料類
2544,甜不辣,調味料及香辛料類
2545,麥當勞糖醋醬,調味料及香辛料類
2546,低鈉鹽,調味料及香辛料類
2547,溫鮮奶（38度左右）,乳品類
2548,手動攪拌器,未分類
2549,攪拌匙,未分類
2550,裝麵糰的瓷器或烤盤（邊緣高）,全榖雜糧類
2551,攪拌料理盆,未分類
2552,麵糰裁切刀,未分類
2553,桂花,加工調理食品及其他類
2554,黑豆乾,蔬菜類
2555,腐竹,加工調理食品及其他類
2556,豬里肌切小片,豆魚蛋肉類
2557,黑胡椒磨粒,加工調理食品及其他類
2558,豬梅花肉,豆魚蛋肉類
2559,魚漿,豆魚蛋肉類
2560,蛋白（3顆）,豆魚蛋肉類
2561,砂糖（打發蛋白用）,豆魚蛋肉類
2562,玉米粉（跟砂糖秤在一起）,全榖雜糧類
2563,牛奶（或水）,水果類
2564,低筋麵粉（原味請用45克的粉）,全榖雜糧類
2565,培茶粉（可自行跟換其它粉類）,調味料及香辛料類
2566,蛋黃（3顆）,水果類
2567,接骨木莓果粉,加工調理食品及其他類
2568,現成白豆蓉,未分類
2569,各色天然色粉,加工調理食品及其他類
2570,火燒蝦或任何蝦子,豆魚蛋肉類
2571,雞油,油脂與堅果種子類
2572,柴魚味素(可省),豆魚蛋肉類
2573,寶蓮子,油脂與堅果種子類
2574,調味,加工調理食品及其他類
2575,炸粉,調味料及香辛料類
2576,熟烏魚子壓碎,未分類
2577,青江菜或高麗菜切碎,蔬菜類
2578,香菇切片,蔬菜類
2579,薑碎,蔬菜類
2580,紅辣椒碎,調味料及香辛料類
2581,細蘆筍,蔬菜類
2582,細綿線,未分類
2583,百頁豆腐,加工調理食品及其他類
2584,花瓜,加工調理食品及其他類
2585,LECREUET單柄單耳煎鍋,未分類
2586,美國oxo輕鬆看量杯,未分類
2587,食材A蛋黃糊,豆魚蛋肉類
2588,柳丁汁,未分類
2589,食材B蛋白霜,豆魚蛋肉類
2590,老薑切片,蔬菜類
2591,紅茶袋,未分類
2592,三溫糖或細砂糖,糖類
2593,玫瑰花,蔬菜類
2594,沸騰的熱水,未分類
2595,耐烤的瓷碗/杯子,未分類
2596,順眼的杯盤,未分類
2597,過濾勺,未分類
2598,抱子芥菜,蔬菜類
2599,小磨坊壽喜燒醬,調味料及香辛料類
2600,黑麥汁,全榖雜糧類
2601,紅糖(或砂糖),糖類
2602,奶粉(可省略),調味料及香辛料類
2603,肉桂粉(可省略),調味料及香辛料類
2604,黑胡椒粉(可省略),調味料及香辛料類
2605,洋蔥（自選）,蔬菜類
2606,油麵條,加工調理食品及其他類
2607,地瓜粉（樹薯粉）皆可,全榖雜糧類
2608,屏大醬油,調味料及香辛料類
2609,高鮮味精,調味料及香辛料類
2610,黑棗,水果類
2611,蓮子,油脂與堅果種子類
2612,去殼綠豆仁,豆魚蛋肉類
2613,大蒜粉或大蒜瓣,調味料及香辛料類
2614,酸梅,豆魚蛋肉類
2615,馬薩瑞拉起司,乳品類
2616,煮白菜的湯,蔬菜類
2617,洋蔥細碎,蔬菜類
2618,大白菜（菜梗與菜葉分開）,蔬菜類
2619,LC鑄鐵鍋,未分類
2620,OXO好好握餐夾,未分類
2621,TGM大馬士革廚具刀,未分類
2622,烏魚,豆魚蛋肉類
2623,香菇丁,蔬菜類
2624,蘿蔔片,蔬菜類
2625,黃瓜片,蔬菜類
2626,煮沸的水,未分類
2627,香腸,加工調理食品及其他類
2628,芹菜粒,蔬菜類
2629,燙熟韮菜花,蔬菜類
2630,清雞湯或水,未分類
2631,鹽、糖、麻油、胡椒粉,調味料及香辛料類
2632,蘋果蘇打,水果類
2633,茶包（5-6包）,未分類
2634,堅果碎（表面裝飾）,未分類
2635,耐烤可可豆（中間夾餡）,加工調理食品及其他類
2636,杏仁角,加工調理食品及其他類
2637,帶皮五花肉,豆魚蛋肉類
2638,滷蛋,豆魚蛋肉類
2639,金蘭薄鹽醬油,調味料及香辛料類
2640,金蘭醬油膏,調味料及香辛料類
2641,維也納小熱狗,加工調理食品及其他類
2642,肉豆蔻粉,加工調理食品及其他類
2643,五花肉片,豆魚蛋肉類
2644,明德辣豆瓣醬,調味料及香辛料類
2645,乾豆豉,加工調理食品及其他類
2646,蒜蓉,調味料及香辛料類
2647,牛肉滷包（可省）,調味料及香辛料類
2648,秀珍菇or金針菇,蔬菜類
2649,紅蘿蔔薄片,加工調理食品及其他類
2650,荷蘭豆or青椒,蔬菜類
2651,蒜頭or蒜末,調味料及香辛料類
2652,米酒or清酒,未分類
2653,韓式芝麻油,油脂與堅果種子類
2654,白醋、烏醋,調味料及香辛料類
2655,蜜棗乾,水果類
2656,咖啡豆,油脂與堅果種子類
2657,培根片🥓,加工調理食品及其他類
2658,紫糯米,全榖雜糧類
2659,乾麵,調味料及香辛料類
2660,油麥菜,油脂與堅果種子類
2661,雞湯（或水）,豆魚蛋肉類
2662,深色醬油,調味料及香辛料類
2663,白胡椒粉（或黑胡椒粉）,調味料及香辛料類
2664,鳳梨罐頭,水果類
2665,番薯粉/麵包粉,調味料及香辛料類
2666,檸檬皮碎,水果類
2667,無鹽奶油(融化),油脂與堅果種子類
2668,家常/火鍋豆腐,加工調理食品及其他類
2669,大白菜葉,蔬菜類
2670,洋蔥（可不加）,蔬菜類
2671,魚露/鰹魚醬油,調味料及香辛料類
2672,肝腸,加工調理食品及其他類
2673,韓國粗辣椒粉,調味料及香辛料類
2674,白芝麻（可省略）,油脂與堅果種子類
2675,大辣椒,加工調理食品及其他類
2676,蔥綠(裝飾),蔬菜類
2677,木薯粉水(或太白粉水),全榖雜糧類
2678,水(或高湯),加工調理食品及其他類
2679,生核桃,油脂與堅果種子類
2680,亞麻籽粉,油脂與堅果種子類
2681,黃金版羅漢果糖/二砂(選用),糖類
2682,蔓越莓果乾,水果類
2683,新鮮干貝,調味料及香辛料類
2684,熟太白粉,加工調理食品及其他類
2685,鮮蝦仁,豆魚蛋肉類
2686,百里香或義式香料,水果類
2687,泡打粉(可略),加工調理食品及其他類
2688,五花肉絲,豆魚蛋肉類
2689,白蘿蔔1大條去皮切粗絲,蔬菜類
2690,在來米粉（水磨蘿蔔糕粉）,蔬菜類
2691,乾香菇（大）3朵,蔬菜類
2692,絞肉（可省略）,豆魚蛋肉類
2693,香油或豬油,調味料及香辛料類
2694,冷水（煮蘿蔔用）,蔬菜類
2695,冷水（調粉用）,未分類
2696,有機豆干,蔬菜類
2697,黃椒絲,蔬菜類
2698,白涼粉,加工調理食品及其他類
2699,滾燙熱水,未分類
2700,黑糖+熱水,糖類
2701,漬櫻花,加工調理食品及其他類
2702,臘腸肝腸,未分類
2703,冷凍蔥油餅(皮),加工調理食品及其他類
2704,紅醬罐頭,加工調理食品及其他類
2705,通心粉,加工調理食品及其他類
2706,黃秋葵,蔬菜類
2707,8吋蛋糕模or8吋小蒸籠,加工調理食品及其他類
2708,年糕紙玻璃紙,未分類
2709,豬頰心肉,豆魚蛋肉類
2710,魚漿（有鹹）,豆魚蛋肉類
2711,雞卷皮（豆皮）,加工調理食品及其他類
2712,牛骨帶肉,豆魚蛋肉類
2713,洋蔥（大）,蔬菜類
2714,粗管芹菜,蔬菜類
2715,雞肉（切塊不去骨）,豆魚蛋肉類
2716,人蔘鬚,蔬菜類
2717,黃耆,調味料及香辛料類
2718,烏魚膘,豆魚蛋肉類
2719,一般食用油,油脂與堅果種子類
2720,鴨蛋皮蛋,豆魚蛋肉類
2721,生豆腐皮,加工調理食品及其他類
2722,冷凍餅皮,加工調理食品及其他類
2723,豬肋骨,豆魚蛋肉類
2724,韓式燘醬,調味料及香辛料類
2725,乾䓤頭,蔬菜類
2726,芝士,乳品類
2727,羽衣甘藍,蔬菜類
2728,牛頭牌紅蔥醬,調味料及香辛料類
2729,金蘭醬油,調味料及香辛料類
2730,甜柿,水果類
2731,青蒜葉,調味料及香辛料類
2732,1/2亞麻蛋,油脂與堅果種子類
2733,即溶咖啡粉(選用),調味料及香辛料類
2734,巧克力(融化),乳品類
2735,碎杏仁薄片,加工調理食品及其他類
2736,義大利白醬,調味料及香辛料類
2737,土雞,豆魚蛋肉類
2738,馬鈴薯塊,全榖雜糧類
2739,南瓜塊,加工調理食品及其他類
2740,洋蔥塊,蔬菜類
2741,油漬彩椒的橄欖油,油脂與堅果種子類
2742,法式香草香料,調味料及香辛料類
2743,烤玉米用玫瑰鹽,蔬菜類
2744,抹烤雞用油漬彩椒的橄欖油,加工調理食品及其他類
2745,白糊椒粉,調味料及香辛料類
2746,乾月桂葉,未分類
2747,新鮮迷迭香,調味料及香辛料類
2748,曬乾魷魚,調味料及香辛料類
2749,蟹腳肉,豆魚蛋肉類
2750,清雞湯,豆魚蛋肉類
2751,唐芹菜,蔬菜類
2752,蒜苗段,調味料及香辛料類
2753,辣椒段或乾辣椒,加工調理食品及其他類
2754,芝麻粉,油脂與堅果種子類
2755,整顆南瓜,蔬菜類
2756,大蒜泥,調味料及香辛料類
2757,喜歡的乳酪（如奶油乳酪,油脂與堅果種子類
2758,白玉粉,全榖雜糧類
2759,黃砂糖,糖類
2760,市售現成油蔥酥,調味料及香辛料類
2761,腰果泥,豆魚蛋肉類
2762,蒸腰果,糖類
2763,嫩豆腐(去除多餘水分),加工調理食品及其他類
2764,濃咖啡,油脂與堅果種子類
2765,老薑片(小片),蔬菜類
2766,新社乾香菇,蔬菜類
2767,鹽及烹大師,未分類
2768,水及糖粉,調味料及香辛料類
2769,茭白筍,蔬菜類
2770,高鮮味精(可省略),調味料及香辛料類
2771,蝦仁或鮮蝦,豆魚蛋肉類
2772,椰子油or無鹽奶油,油脂與堅果種子類
2773,速溶黑咖啡粉,加工調理食品及其他類
2774,黑朗姆酒（可略）,未分類
2775,巴西利香料,蔬菜類
2776,臘肉,加工調理食品及其他類
2777,醬油膏或醬油,調味料及香辛料類
2778,胡蘿蔔丁,蔬菜類
2779,火腿丁,加工調理食品及其他類
2780,壽喜菇,蔬菜類
2781,北海道片栗粉,加工調理食品及其他類
2782,腰果碎片,加工調理食品及其他類
2783,豬排骨,調味料及香辛料類
2784,紅蘿蔔(中),蔬菜類
2785,甜玉米,全榖雜糧類
2786,乾香菇(小),蔬菜類
2787,巧可力豆(融化),未分類
2788,細粉狀赤藻糖醇/糖粉,調味料及香辛料類
2789,速酵,未分類
2790,牛絞肉（雞豬羊亦可）,豆魚蛋肉類
2791,哈里薩辣醬Harissa,調味料及香辛料類
2792,新鮮巴西里,蔬菜類
2793,罐頭扁豆,加工調理食品及其他類
2794,喜歡的硬質乳酪,乳品類
2795,椰子粉,調味料及香辛料類
2796,酸黃瓜,蔬菜類
2797,雞,加工調理食品及其他類
2798,豬骨,豆魚蛋肉類
2799,粟米,全榖雜糧類
2800,雪耳,豆魚蛋肉類
2801,淮山,全榖雜糧類
2802,茨實,油脂與堅果種子類
2803,龍眼乾,水果類
2804,龍皇杏,未分類
2805,蕨餅粉,加工調理食品及其他類
2806,黑糖粉,調味料及香辛料類
2807,帶皮帶骨雞肉,豆魚蛋肉類
2808,黃冰糖,糖類
2809,白吐司,全榖雜糧類
2810,日式蛋黃醬（美乃滋）,豆魚蛋肉類
2811,干貝絲or醬油膏,調味料及香辛料類
2812,"醬油,太白粉,胡椒粉,鹽,麻油",調味料及香辛料類
2813,蔓越梅,加工調理食品及其他類
2814,日式昆布柴魚高湯,豆魚蛋肉類
2815,韓式大醬,調味料及香辛料類
2816,熱豆漿,加工調理食品及其他類
2817,蒸熟腰果,糖類
2818,黃原膠,未分類
2819,甜椒（黃、紅、綠）,蔬菜類
2820,金針菇段,蔬菜類
2821,蒜頭（紅蔥頭也可以）,蔬菜類
2822,當歸、黃耆,調味料及香辛料類
2823,大干貝,調味料及香辛料類
2824,燙種,未分類
2825,融化牛油,油脂與堅果種子類
2826,糖霜,豆魚蛋肉類
2827,軟化無鹽牛油,油脂與堅果種子類
2828,小芥菜,蔬菜類
2829,豬油或蔥油,油脂與堅果種子類
2830,鹽，胡椒粉,調味料及香辛料類
2831,"鹽,醬油",調味料及香辛料類
2832,素蠔油或醬油,調味料及香辛料類
2833,鮮魚,豆魚蛋肉類
2834,豆腐切丁,加工調理食品及其他類
2835,水果絲瓜,蔬菜類
2836,蕃茄汁,蔬菜類
2837,奧樂剛,未分類
2838,烹大師鰹魚風味調味料（選）,調味料及香辛料類
2839,艾許奶油,油脂與堅果種子類
2840,榛果奶油,油脂與堅果種子類
2841,小提琴低筋麵粉,全榖雜糧類
2842,鐵觀音粉,加工調理食品及其他類
2843,小豆皮,加工調理食品及其他類
2844,法國粉T55,未分類
2845,白圓糯米,全榖雜糧類
2846,蜜棗,水果類
2847,帶骨雞腿肉,豆魚蛋肉類
2848,刈菜,蔬菜類
2849,墨魚義大利麵,調味料及香辛料類
2850,小卷圈,加工調理食品及其他類
2851,紫米紅豆,豆魚蛋肉類
2852,鰱魚頭,豆魚蛋肉類
2853,豬五花肉絲,豆魚蛋肉類
2854,榨菜絲,加工調理食品及其他類
2855,焗豆子,蔬菜類
2856,德式香腸,加工調理食品及其他類
2857,辛拉麵,加工調理食品及其他類
2858,蕃茄蓉罐頭,蔬菜類
2859,放山雞,油脂與堅果種子類
2860,酥皮(約7cm*7cm),未分類
2861,冷凍湯圓,加工調理食品及其他類
2862,全聯雞里肌,豆魚蛋肉類
2863,粗韓式辣椒粉,調味料及香辛料類
2864,日式咖喱醬,調味料及香辛料類
2865,麵腸,加工調理食品及其他類
2866,花生湯圓,加工調理食品及其他類
2867,芝麻湯圓,加工調理食品及其他類
2868,白飯或隔夜飯,全榖雜糧類
2869,芥菜葉,蔬菜類
2870,烹大師或高湯（可省略）,未分類
2871,山東大白菜,蔬菜類
2872,蒜香油蔥酥,調味料及香辛料類
2873,埔里香菇,蔬菜類
2874,秘傳燒肉醬,調味料及香辛料類
2875,耐熱塑膠袋,未分類
2876,不鏽鋼平盤或烤盤,未分類
2877,雞棒棒腿,豆魚蛋肉類
2878,貳級砂糖,調味料及香辛料類
2879,小豆乾,加工調理食品及其他類
2880,絞肉豬,豆魚蛋肉類
2881,米穀粉,加工調理食品及其他類
2882,烘焙奶粉,加工調理食品及其他類
2883,發酵奶油,油脂與堅果種子類
2884,優格水切乳清,乳品類
2885,椰子糖,調味料及香辛料類
2886,直接買外面的鹹酥雞，不要調味,調味料及香辛料類
2887,太白粉或玉米殿粉,全榖雜糧類
2888,舒肥雞胸肉,豆魚蛋肉類
2889,波特菇,蔬菜類
2890,蘑菇（可有可無）,蔬菜類
2891,鮮奶油或牛奶,油脂與堅果種子類
2892,雞精粉（可有可無）,加工調理食品及其他類
2893,白蘿蔔絲,蔬菜類
2894,西芹丁,調味料及香辛料類
2895,小扁豆,加工調理食品及其他類
2896,橄欖油或鰐梨油,油脂與堅果種子類
2897,魩仔魚,豆魚蛋肉類
2898,九層塔葉（切丁）,蔬菜類
2899,蒜頭（切丁）,調味料及香辛料類
2900,白酒米酒,全榖雜糧類
2901,煮麵水不要丟,未分類
2902,紅胡椒粒,調味料及香辛料類
2903,韓式魚板,加工調理食品及其他類
2904,三明治火腿片,加工調理食品及其他類
2905,楓糖,糖類
2906,椰子油,油脂與堅果種子類
2907,小管,豆魚蛋肉類
2908,蛋白及糖粉,調味料及香辛料類
2909,所需色膏,未分類
2910,紫薯粉,全榖雜糧類
2911,紅蘿蔔粉,加工調理食品及其他類
2912,冷凍大蕃茄,水果類
2913,棕櫚糖,調味料及香辛料類
2914,麵粉（我是全麥、高筋各半）,調味料及香辛料類
2915,牛奶或水,水果類
2916,私心加料：麥芽精,糖類
2917,半隻鴨,豆魚蛋肉類
2918,當歸鴨滷包,未分類
2919,人參當歸米酒,加工調理食品及其他類
2920,雞腿小,蔬菜類
2921,紅白小湯圓,加工調理食品及其他類
2922,大貝殻麵,加工調理食品及其他類
2923,蛤仔,豆魚蛋肉類
2924,高原菜心,蔬菜類
2925,土茶油,油脂與堅果種子類
2926,草莓粉,水果類
2927,南瓜粉,加工調理食品及其他類
2928,紫心地瓜粉,加工調理食品及其他類
2929,竹炭粉,加工調理食品及其他類
2930,食用色素,加工調理食品及其他類
2931,蒜味花生,加工調理食品及其他類
2932,牛小排火鍋肉片,豆魚蛋肉類
2933,Nutella巧克力醬,調味料及香辛料類
2934,月桂葉（沒有沒關係）,蔬菜類
2935,白蘿蔔（去皮刨絲）,蔬菜類
2936,白蘿蔔去皮切塊,蔬菜類
2937,抹茶小湯圓,全榖雜糧類
2938,放山雞肉塊,豆魚蛋肉類
2939,蛋黃（蛋清留著）,水果類
2940,融化的無鹽奶油,油脂與堅果種子類
2941,糖漬紅綠櫻桃,水果類
2942,豬肋條,豆魚蛋肉類
2943,紅白湯圓,加工調理食品及其他類
2944,泡香菇用的水,蔬菜類
2945,乾蝦米,豆魚蛋肉類
2946,培根/香腸,加工調理食品及其他類
2947,薑母粉(烘焙店有),調味料及香辛料類
2948,肉桂粉(烘焙店有),調味料及香辛料類
2949,丁香粉(烘焙店有),調味料及香辛料類
2950,糖蜜(烘焙店有),糖類
2951,香草醬(精),調味料及香辛料類
2952,蛋白霜粉(烘焙店有),豆魚蛋肉類
2953,糖水,豆魚蛋肉類
2954,小圓餅乾及口糧棒,全榖雜糧類
2955,葡萄糖漿,水果類
2956,薑粉,調味料及香辛料類
2957,丁香粉,調味料及香辛料類
2958,肉荳蔻粉,調味料及香辛料類
2959,小里肌肉絲,豆魚蛋肉類
2960,彩色巧克力,乳品類
2961,裝飾用眼睛,未分類
2962,市售鴻禧菇,蔬菜類
2963,胡蘿蔔片,蔬菜類
2964,香菜，青蒜,調味料及香辛料類
2965,常溫全蛋,豆魚蛋肉類
2966,烘焙杏仁粉,全榖雜糧類
2967,可可粉（表面）,調味料及香辛料類
2968,草莓風味粉（表面）,水果類
2969,全蛋（打散）,豆魚蛋肉類
2970,白砂糖或二砂,糖類
2971,純黑巧克力粉,加工調理食品及其他類
2972,糖珠,豆魚蛋肉類
2973,蔥白末,蔬菜類
2974,桂冠花枝蝦漿,加工調理食品及其他類
2975,鹽與胡椒粉,調味料及香辛料類
2976,無鹽發酵奶油,油脂與堅果種子類
2977,葱,蔬菜類
2978,菜脯(蘿蔔乾),蔬菜類
2979,蔭豆豉,加工調理食品及其他類
2980,麻辣花椒粒,調味料及香辛料類
2981,蔥結,蔬菜類
2982,君度澄酒,未分類
2983,梅乾,加工調理食品及其他類
2984,高山高麗菜,蔬菜類
2985,絞肉（牛豬皆可）,豆魚蛋肉類
2986,中筋或低筋麵粉,全榖雜糧類
2987,香料粉,調味料及香辛料類
2988,滷腿庫1鍋,豆魚蛋肉類
2989,炸豆皮,加工調理食品及其他類
2990,丸子,加工調理食品及其他類
2991,純醬油,調味料及香辛料類
2992,紅甜椒黃甜椒,蔬菜類
2993,五行麻粉,加工調理食品及其他類
2994,番茄牛肋條,豆魚蛋肉類
2995,松露醬,調味料及香辛料類
2996,白酒或米酒,全榖雜糧類
2997,松露香辣油,油脂與堅果種子類
2998,五花腩,豆魚蛋肉類
2999,梅菜,加工調理食品及其他類
3000,生抽,豆魚蛋肉類
3001,蝦仁漿,豆魚蛋肉類
3002,黑胡椒鹽,加工調理食品及其他類
3003,米苔目,加工調理食品及其他類
3004,肉醬罐頭,加工調理食品及其他類
3005,韓式味噌醬（大醬）,調味料及香辛料類
3006,韓式芝麻油/純芝麻油,油脂與堅果種子類
3007,小魚干,豆魚蛋肉類
3008,洗米水（洗第3次）,未分類
3009,紫地瓜,全榖雜糧類
3010,椰漿(椰奶),調味料及香辛料類
3011,西谷米,全榖雜糧類
3012,調味料鹽,加工調理食品及其他類
3013,巴西里葉或蔥,調味料及香辛料類
3014,麗滋餅乾,未分類
3015,無骨肉雞腿,豆魚蛋肉類
3016,韮菜,蔬菜類
3017,菱角,全榖雜糧類
3018,虱目魚丸,加工調理食品及其他類
3019,蒜酥,調味料及香辛料類
3020,日式鰹魚露,調味料及香辛料類
3021,高湯粉,調味料及香辛料類
3022,綿花糖,調味料及香辛料類
3023,高麗菜乾,蔬菜類
3024,當季白玉蘿蔔,蔬菜類
3025,梅子醋,加工調理食品及其他類
3026,料理話梅,加工調理食品及其他類
3027,牛腩（牛肋條）,豆魚蛋肉類
3028,洋蔥（中型）,蔬菜類
3029,紅蘿蔔一條,加工調理食品及其他類
3030,牛肉高湯,調味料及香辛料類
3031,熟甜龍筍,蔬菜類
3032,米酒OR清酒,未分類
3033,玉米糖漿,全榖雜糧類
3034,韓式辣椒粉(細),調味料及香辛料類
3035,油(爆香,油脂與堅果種子類
3036,蒜末(爆香,調味料及香辛料類
3037,黑白芝麻,油脂與堅果種子類
3038,豬背骨,豆魚蛋肉類
3039,葱結,蔬菜類
3040,油蔥油,油脂與堅果種子類
3041,雞晶粉或鹽巴,調味料及香辛料類
3042,全聯鹹湯圓,全榖雜糧類
3043,冬兒,加工調理食品及其他類
3044,野菜湯包（可略）,蔬菜類
3045,好市多鴨胸,豆魚蛋肉類
3046,當歸片,未分類
3047,冬粉粉絲,加工調理食品及其他類
3048,牛肋條或牛板鍵,豆魚蛋肉類
3049,水蓮段,蔬菜類
3050,乾香菇(切絲泡水),蔬菜類
3051,米酒(醃肉,加工調理食品及其他類
3052,清水(醃肉,加工調理食品及其他類
3053,鹽(醃肉,加工調理食品及其他類
3054,太白粉(醃肉,加工調理食品及其他類
3055,紅蘿蔔絲、金針菇、木耳絲、筍絲,蔬菜類
3056,豬血,豆魚蛋肉類
3057,芶芡水(地瓜粉:水約1:2),豆魚蛋肉類
3058,辣油或是香油,調味料及香辛料類
3059,蔥花或是香菜,調味料及香辛料類
3060,百里香香料,水果類
3061,紫米餡或紅豆,豆魚蛋肉類
3062,麻辣香鍋調味料,未分類
3063,真空切片蓮藕,全榖雜糧類
3064,(大顆)馬鈴薯,全榖雜糧類
3065,罐裝鳳梨碎,水果類
3066,溶化奶油,油脂與堅果種子類
3067,糖粉或煉乳,調味料及香辛料類
3068,陳皮,調味料及香辛料類
3069,川芎,蔬菜類
3070,羅漢果,糖類
3071,牛肉絲,加工調理食品及其他類
3072,調味料,加工調理食品及其他類
3073,即發乾酵母,調味料及香辛料類
3074,龍膽石斑魚,豆魚蛋肉類
3075,豬前腳,豆魚蛋肉類
3076,米酒……1大匙,加工調理食品及其他類
3077,胡椒粒,調味料及香辛料類
3078,韓國燒酒,未分類
3079,大醬,水果類
3080,雞蛋（約60克/個）,豆魚蛋肉類
3081,干辣椒,加工調理食品及其他類
3082,老抽（可不加）,豆魚蛋肉類
3083,土魠魚,豆魚蛋肉類
3084,芹菜梗,蔬菜類
3085,蜜漬生薑,調味料及香辛料類
3086,粗辣椒片,加工調理食品及其他類
3087,巴西里(歐芹、洋香菜)碎,調味料及香辛料類
3088,鹽(吐沙),未分類
3089,鹽(調味),加工調理食品及其他類
3090,匈牙利甜椒粉,加工調理食品及其他類
3091,白葡萄酒:水,加工調理食品及其他類
3092,牛肉塊,豆魚蛋肉類
3093,貮砂糖,糖類
3094,紅辣椒末,調味料及香辛料類
3095,菜魚片,豆魚蛋肉類
3096,青花椰菜,蔬菜類
3097,莫扎瑞拉起司,乳品類
3098,亁蝦米,豆魚蛋肉類
3099,油蔥酥醬,油脂與堅果種子類
3100,茭白荀,蔬菜類
3101,山東白菜,蔬菜類
3102,blendtec食物調理機,未分類
3103,ANKOMN無耗電真空保鮮盒,未分類
3104,DANSK單柄牛奶鍋,水果類
3105,亨氏番茄醬,調味料及香辛料類
3106,乾燥洋香菜,調味料及香辛料類
3107,蒜頭（切末）,調味料及香辛料類
3108,電鍋或壓力鍋,未分類
3109,油蔥醬,調味料及香辛料類
3110,李錦記香甜滷醬油,調味料及香辛料類
3111,煮熟的白飯,全榖雜糧類
3112,白玉蘿蔔,蔬菜類
3113,好市多松露醬油,調味料及香辛料類
3114,小腸,豆魚蛋肉類
3115,薏仁,全榖雜糧類
3116,茯苓,未分類
3117,芡實,油脂與堅果種子類
3118,當歸藥酒,未分類
3119,SCANPAN湯鍋,未分類
3120,單節翅,豆魚蛋肉類
3121,青椒絲,蔬菜類
3122,牛里肌絲,蔬菜類
3123,辣椒段,蔬菜類
3124,綠豆芽或黃豆芽,豆魚蛋肉類
3125,辣椒丁（可省）,加工調理食品及其他類
3126,腿庫1塊,豆魚蛋肉類
3127,豬蹄,豆魚蛋肉類
3128,柳橙皮,水果類
3129,新鮮蔓越莓,水果類
3130,鮮黑木耳,蔬菜類
3131,香菜末(可略),未分類
3132,白蘿蔔（中型）,蔬菜類
3133,黑胡椒粒（可省略）,調味料及香辛料類
3134,香菜（可省略）,調味料及香辛料類
3135,鮮味炒手或是鹽,調味料及香辛料類
3136,牛奶🥛,水果類
3137,白煮蛋（配菜）,豆魚蛋肉類
3138,素雞（配菜）,加工調理食品及其他類
3139,櫛瓜切丁,蔬菜類
3140,藍起司,乳品類
3141,發酵奶油（可用無鹽奶油）,油脂與堅果種子類
3142,楓糖（可用檸檬汁取代）,糖類
3143,豬腩排,豆魚蛋肉類
3144,青蔥結,蔬菜類
3145,白芝麻油/香油,調味料及香辛料類
3146,沙茶醬（可省略）,調味料及香辛料類
3147,珍珠餛飩,加工調理食品及其他類
3148,抹茶粉或可可粉,調味料及香辛料類
3149,炸豆包,加工調理食品及其他類
3150,白芝麻(可加可不加),油脂與堅果種子類
3151,無鹽奶油（冷硬）,油脂與堅果種子類
3152,全脂鮮奶（冷藏）,乳品類
3153,後腿豬腳,豆魚蛋肉類
3154,長條甜不辣,調味料及香辛料類
3155,蔥油餅,加工調理食品及其他類
3156,湯種,調味料及香辛料類
3157,特大雞蛋1個,豆魚蛋肉類
3158,融化無鹽牛油,油脂與堅果種子類
3159,歐芹碎,未分類
3160,破布子罐頭,加工調理食品及其他類
3161,米酒或味醂,調味料及香辛料類
3162,薑絲與蔥花,加工調理食品及其他類
3163,滿福麵包/英式馬芬（義Ｏ有賣）,蔬菜類
3164,奶油（塗麵包用）,油脂與堅果種子類
3165,墨西哥豆泥,豆魚蛋肉類
3166,牛蕃茄（小）,豆魚蛋肉類
3167,墨西哥辣椒,調味料及香辛料類
3168,甜豆仁,豆魚蛋肉類
3169,泰式酸辣醬,調味料及香辛料類
3170,去皮綠豆,豆魚蛋肉類
3171,黃油,油脂與堅果種子類
3172,大千張皮,全榖雜糧類
3173,白胡椒/黑胡椒,加工調理食品及其他類
3174,油蔥雞胸肉（熟-已調味）,豆魚蛋肉類
3175,長豆（或四季豆）,水果類
3176,去骨雞腿肉（切塊）,豆魚蛋肉類
3177,酥炸粉,調味料及香辛料類
3178,白土司,全榖雜糧類
3179,切達起司,豆魚蛋肉類
3180,台灣鯛魚片(腹肉),豆魚蛋肉類
3181,奶油(含鹽或不含鹽奶油皆可）,油脂與堅果種子類
3182,海帶絲,蔬菜類
3183,豆干絲,加工調理食品及其他類
3184,鮮美露/可省略,調味料及香辛料類
3185,胡椒粉/可省略,調味料及香辛料類
3186,鳳梨塊,水果類
3187,太白粉（炸前裹蝦用）,未分類
3188,蔥末(可加可不加),蔬菜類
3189,白醋或果醋,加工調理食品及其他類
3190,韓式辣椒粉(可加可不加),調味料及香辛料類
3191,剝殼蝦,豆魚蛋肉類
3192,太白粉/玉米粉,全榖雜糧類
3193,蝦滑,豆魚蛋肉類
3194,雞腿肉（大腿）,豆魚蛋肉類
3195,培根片,加工調理食品及其他類
3196,香吉士皮,水果類
3197,香吉士汁,水果類
3198,糖漬橘皮丁,未分類
3199,海尼根啤酒,加工調理食品及其他類
3200,油浸鮪魚,豆魚蛋肉類
3201,番茄丁,蔬菜類
3202,乳酪碎,調味料及香辛料類
3203,鹽、黑胡椒碎、七味粉,調味料及香辛料類
3204,輕食培根,加工調理食品及其他類
3205,姜米,全榖雜糧類
3206,切塊排骨,調味料及香辛料類
3207,烏骨雞,豆魚蛋肉類
3208,薑母鴨中藥包,未分類
3209,酒或水,未分類
3210,再來米粉,加工調理食品及其他類
3211,起司煉乳,乳品類
3212,水煮蕃茄罐頭,蔬菜類
3213,芥花油/玄米油/橄欖油都可,油脂與堅果種子類
3214,低筋麵粉（過篩）,全榖雜糧類
3215,小牛高湯材料,未分類
3216,牛骨,豆魚蛋肉類
3217,牛筋肉,豆魚蛋肉類
3218,香草束(蒜苗加一些香草),調味料及香辛料類
3219,芡水(太白粉+水),未分類
3220,炒菜油,油脂與堅果種子類
3221,味林,加工調理食品及其他類
3222,嫩豆腐或板豆腐,加工調理食品及其他類
3223,開水（太白粉用）,調味料及香辛料類
3224,二砂糖或白砂糖,糖類
3225,蘋果泥（或水梨）,水果類
3226,金沙骨,豆魚蛋肉類
3227,糖，改冰糖2湯匙＋老抽上色,糖類
3228,鎮江醋,加工調理食品及其他類
3229,洛神花,蔬菜類
3230,櫻花蝦辣醬,調味料及香辛料類
3231,洋蔥切丁,蔬菜類
3232,時蔬隨喜,蔬菜類
3233,胡椒粉與黑胡椒粒,調味料及香辛料類
3234,煮麵水,未分類
3235,日式麻糬,全榖雜糧類
3236,日式高湯,調味料及香辛料類
3237,小松菜,蔬菜類
3238,雞翅(三節翅),豆魚蛋肉類
3239,牛頭牌咖哩炒醬,調味料及香辛料類
3240,淡奶油,油脂與堅果種子類
3241,朗姆酒,未分類
3242,椒鹽粉,調味料及香辛料類
3243,七味粉(可省略),調味料及香辛料類
3244,蜆顆,豆魚蛋肉類
3245,蒜頭🧄,調味料及香辛料類
3246,辣椒🌶️,蔬菜類
3247,雞翅腿一盒,蔬菜類
3248,薑片蒜片,未分類
3249,南瓜…,蔬菜類
3250,抹茶粉……1公克,調味料及香辛料類
3251,肉燥醬,調味料及香辛料類
3252,紅標米酒,加工調理食品及其他類
3253,牛梅花,豆魚蛋肉類
3254,嫩薑絲,蔬菜類
3255,豬棒腿,豆魚蛋肉類
3256,紅冰糖,糖類
3257,蔬果醋,加工調理食品及其他類
3258,奶酥、黑芝麻、抹茶紅豆哈斯麵包,豆魚蛋肉類
3259,奶酥麵包內餡：,蔬菜類
3260,黑芝麻麵包內餡：,調味料及香辛料類
3261,抹茶紅豆哈斯麵包麵糰：,豆魚蛋肉類
3262,抹茶紅豆哈斯麵包內餡：,豆魚蛋肉類
3263,高筋麵粉跟水,全榖雜糧類
3264,香菇末,蔬菜類
3265,土雞肉,豆魚蛋肉類
3266,香葉,調味料及香辛料類
3267,酸酸的筍片,未分類
3268,辣椒圈,蔬菜類
3269,脆腸,豆魚蛋肉類
3270,蟳味棒,加工調理食品及其他類
3271,香魚,豆魚蛋肉類
3272,紅糟醬,調味料及香辛料類
3273,低鹽醬油,調味料及香辛料類
3274,好菇道鴻禧或雪白菇,蔬菜類
3275,柴魚粉或雞粉,調味料及香辛料類
3276,香蕉（剝皮後）,水果類
3277,椰糖,糖類
3278,黃金魚蛋,豆魚蛋肉類
3279,蝦仁（註一）,豆魚蛋肉類
3280,綜合胡椒,調味料及香辛料類
3281,櫛瓜中型,蔬菜類
3282,焗烤起司,乳品類
3283,青花魚,豆魚蛋肉類
3284,金華火腿,加工調理食品及其他類
3285,紅羅蔔,加工調理食品及其他類
3286,鴻禧菇雪白菇,蔬菜類
3287,蒸熟的南瓜,全榖雜糧類
3288,蘑菇切片,蔬菜類
3289,魷魚圈,豆魚蛋肉類
3290,小百菜,蔬菜類
3291,味精(或雞粉),調味料及香辛料類
3292,蘋果醋（或其他你喜歡的醋）,加工調理食品及其他類
3293,白蝦或草蝦,豆魚蛋肉類
3294,胡椒粉鹽,調味料及香辛料類
3295,蔥綠末,蔬菜類
3296,陳年紹興酒,加工調理食品及其他類
3297,"大甲芋頭(去頭去尾後,淨重)",全榖雜糧類
3298,糖粉(酌量增減),調味料及香辛料類
3299,無鹽奶油(酌量增減),油脂與堅果種子類
3300,花枝蝦滑,加工調理食品及其他類
3301,豬後腿絞肉,豆魚蛋肉類
3302,白玉豆干,全榖雜糧類
3303,水或米酒,加工調理食品及其他類
3304,雞蛋（配菜）,豆魚蛋肉類
3305,紅蘿蔔（配菜）,蔬菜類
3306,櫛瓜或小黃瓜（配菜）,蔬菜類
3307,細白砂糖或紅糖,糖類
3308,快發乾酵母,調味料及香辛料類
3309,低筋麵粉過篩,全榖雜糧類
3310,香草,調味料及香辛料類
3311,細麵條,加工調理食品及其他類
3312,半熟蛋（可省略）,豆魚蛋肉類
3313,豬梅花肉絲,豆魚蛋肉類
3314,藍莓果醬,調味料及香辛料類
3315,熟栗子,油脂與堅果種子類
3316,蘭姆酒,未分類
3317,冰蛋白,豆魚蛋肉類
3318,細砂糖（蛋白用）,豆魚蛋肉類
3319,細砂糖（蛋黃用）,豆魚蛋肉類
3320,喜歡的火鍋丸和凍豆腐,加工調理食品及其他類
3321,植物肉,加工調理食品及其他類
3322,市售玉米粒罐頭,加工調理食品及其他類
3323,玉米粒水,全榖雜糧類
3324,鱸魚魚片,豆魚蛋肉類
3325,無鹽奶油(冰的),油脂與堅果種子類
3326,玉米筍(配菜),全榖雜糧類
3327,莧菜（紅白梗均可）,蔬菜類
3328,蒜粒,調味料及香辛料類
3329,柴魚粉或高湯粉,調味料及香辛料類
3330,炸雞粉,調味料及香辛料類
3331,原味歐式麵包,蔬菜類
3332,無加糖蕃茄汁,蔬菜類
3333,九層塔或羅勒,蔬菜類
3334,市售義大利麵紅醬,調味料及香辛料類
3335,牛排,豆魚蛋肉類
3336,養樂多1罐,未分類
3337,巴西里葉或蔥花,加工調理食品及其他類
3338,優質橄欖油,油脂與堅果種子類
3339,麵味露,調味料及香辛料類
3340,櫛瓜黃綠色,蔬菜類
3341,快速酵母粉,調味料及香辛料類
3342,蔥薑水,未分類
3343,台灣國產白肉雞,豆魚蛋肉類
3344,平底鍋,未分類
3345,鋁箔紙,未分類
3346,廚房紙巾,未分類
3347,保鮮袋,未分類
3348,白味增,加工調理食品及其他類
3349,炒牛肉片,豆魚蛋肉類
3350,辣椒（依個人）,調味料及香辛料類
3351,沙茶醬的油,調味料及香辛料類
3352,韮菜（切小段）,蔬菜類
3353,米紙,全榖雜糧類
3354,味素或糖,調味料及香辛料類
3355,素辣豆瓣醬,調味料及香辛料類
3356,素肉塊,加工調理食品及其他類
3357,甘草片,調味料及香辛料類
3358,乾豆鼓,未分類
3359,LECREUET琺瑯鑄鐵圓鍋,未分類
3360,甘田醬油,調味料及香辛料類
3361,西洋香料,水果類
3362,台灣國產土雞小腿肉,豆魚蛋肉類
3363,玉米筍（切段）,全榖雜糧類
3364,紅蘿蔔（切片）,加工調理食品及其他類
3365,洋蔥（切絲）,蔬菜類
3366,大蒜（切片）,調味料及香辛料類
3367,虱目魚皮（6小條）,豆魚蛋肉類
3368,嫩薑（約3公分）,蔬菜類
3369,常溫開水,未分類
3370,冬粉（粉絲）,加工調理食品及其他類
3371,信義鄉櫛瓜,蔬菜類
3372,新社鮮菇,蔬菜類
3373,蕃薯粉,全榖雜糧類
3374,甜辣醬/醬油/辣椒醬,調味料及香辛料類
3375,薯餅,全榖雜糧類
3376,香菇(或其它菇類),蔬菜類
3377,茶姬醬油,調味料及香辛料類
3378,楓糖（或蜂蜜）,糖類
3379,新鮮洛神花（含籽）,蔬菜類
3380,洛神花（去籽）,蔬菜類
3381,檸檬汁（不喜歡可以略過）,水果類
3382,乾冬蝦,豆魚蛋肉類
3383,酸筍絲,蔬菜類
3384,豬梅花肉片（全聯購入),豆魚蛋肉類
3385,蒜頭（去皮）,豆魚蛋肉類
3386,梅花肉,豆魚蛋肉類
3387,玉米粉或玉米粉,全榖雜糧類
3388,蛋白（約2個蛋白）,豆魚蛋肉類
3389,砂糖或糖粉,調味料及香辛料類
3390,五香豆乾（隨意切塊）,加工調理食品及其他類
3391,素蠔油或油膏,調味料及香辛料類
3392,熱油,油脂與堅果種子類
3393,"香菜,蔥花",加工調理食品及其他類
3394,辣椒或甜紅椒,加工調理食品及其他類
3395,豬小里肌肉/五花肉,豆魚蛋肉類
3396,五香蒸肉粉,調味料及香辛料類
3397,蘑菇起司義大利餃,蔬菜類
3398,鼠尾草,水果類
3399,松子,油脂與堅果種子類
3400,現磨黑胡椒粉,調味料及香辛料類
3401,辣椒（可略）,調味料及香辛料類
3402,鮮奶（溫溫即可，不要冷冰冰）,乳品類
3403,白糖（依個人喜愛甜度減量）,調味料及香辛料類
3404,酵母粉（即發酵母）,調味料及香辛料類
3405,葡萄籽油（不加也行）,油脂與堅果種子類
3406,熟芝麻粒,油脂與堅果種子類
3407,OXO好好握矽膠餐夾,未分類
3408,ANKOMN真空保鮮盒,未分類
3409,梅花豬肉塊,豆魚蛋肉類
3410,義大利細麵,調味料及香辛料類
3411,油蔥,調味料及香辛料類
3412,豬油,油脂與堅果種子類
3413,醬油(蛋液用),調味料及香辛料類
3414,味霖(可用砂糖取代)(蛋液用),糖類
3415,香油(蛋液用),調味料及香辛料類
3416,青蔥碎,蔬菜類
3417,義大利麵粉00號,調味料及香辛料類
3418,紫色蘿蔔,蔬菜類
3419,豬肉香腸,加工調理食品及其他類
3420,起司屑,乳品類
3421,冰箱剩下的蝦仁,豆魚蛋肉類
3422,海苔條,調味料及香辛料類
3423,醬油或油膏,調味料及香辛料類
3424,青江菜或是小白菜,蔬菜類
3425,油飯,油脂與堅果種子類
3426,千張紙,全榖雜糧類
3427,蒸籠16公分,未分類
3428,圓形烘焙紙16直徑,未分類
3429,茯苓粉,蔬菜類
3430,紅豆餡(無油),豆魚蛋肉類
3431,生食級干貝(小),豆魚蛋肉類
3432,含鹽奶油,油脂與堅果種子類
3433,棒棒雞腿,豆魚蛋肉類
3434,小磨坊煙燻風味料,調味料及香辛料類
3435,米酒或白酒,未分類
3436,洋香菜（點綴用可無）,調味料及香辛料類
3437,櫻桃番茄,水果類
3438,雞晶粉(可不放),調味料及香辛料類
3439,紅豆蓉,豆魚蛋肉類
3440,蟹肉,豆魚蛋肉類
3441,沒有刺的魚,豆魚蛋肉類
3442,波菜半把,蔬菜類
3443,香菇或鴻禧菇,蔬菜類
3444,小磨坊鰹魚高湯包,調味料及香辛料類
3445,鹽巴、胡椒粉,調味料及香辛料類
3446,濃縮咖啡(濾掛式一杯即可),未分類
3447,咖啡酒(蘭姆酒也可),未分類
3448,無糖可可粉(用防潮的可可粉),未分類
3449,雞蛋/鴨蛋,豆魚蛋肉類
3450,雞高湯l,調味料及香辛料類
3451,全脂鮮乳,乳品類
3452,飛燕煉乳,乳品類
3453,高糖速發酵母,調味料及香辛料類
3454,甘貨鹽味甘草,調味料及香辛料類
3455,濕麵條,加工調理食品及其他類
3456,甘草,調味料及香辛料類
3457,熟壽司米,豆魚蛋肉類
3458,甜蝦,豆魚蛋肉類
3459,鮭魚片,豆魚蛋肉類
3460,鮪魚片,豆魚蛋肉類
3461,玉子燒,油脂與堅果種子類
3462,鮭魚卵,加工調理食品及其他類
3463,牛肉片or火鍋肉片,豆魚蛋肉類
3464,糖or味琳,未分類
3465,蒜、蔥、辣椒,調味料及香辛料類
3466,米酒、水,加工調理食品及其他類
3467,沙茶醬與沙茶的油,調味料及香辛料類
3468,米酒或水,加工調理食品及其他類
3469,厚切豬五花,加工調理食品及其他類
3470,蔥花或蒜苗,調味料及香辛料類
3471,水（燙蚵用）,未分類
3472,蘿勒醬,調味料及香辛料類
3473,海米剁椒醬,蔬菜類
3474,小米辣,全榖雜糧類
3475,焗烤乳酪絲,蔬菜類
3476,櫻花蝦(或蝦米),豆魚蛋肉類
3477,小雞腿,蔬菜類
3478,巧克力卡士達醬,調味料及香辛料類
3479,貢丸,加工調理食品及其他類
3480,黑豆/黃豆粉,豆魚蛋肉類
3481,室溫奶油,油脂與堅果種子類
3482,仿土雞腿切大塊,豆魚蛋肉類
3483,大蛤蜊,豆魚蛋肉類
3484,響鈴卷,全榖雜糧類
3485,香菜或蔥花,加工調理食品及其他類
3486,伯爵茶包,未分類
3487,豬小里肌肉,豆魚蛋肉類
3488,白玉蘿蔔去皮,蔬菜類
3489,五花肉（兩條）,豆魚蛋肉類
3490,雞扒/雞排,豆魚蛋肉類
3491,A中種麵糊,全榖雜糧類
3492,食用油(橄欖油、沙拉油皆可),油脂與堅果種子類
3493,攪拌盆,未分類
3494,飯匙,加工調理食品及其他類
3495,噴霧器,未分類
3496,矽膠刷(毛刷),未分類
3497,揉麵墊,未分類
3498,手粉(高筋麵粉),全榖雜糧類
3499,刮板(切麵刀),豆魚蛋肉類
3500,融化的奶油,油脂與堅果種子類
3501,粗黑胡椒粉,調味料及香辛料類
3502,鴨賞,加工調理食品及其他類
3503,豬絞肉(買梅花豬肉現絞),豆魚蛋肉類
3504,喀極辣辣豆瓣醬,調味料及香辛料類
3505,醬油或素蠔油,調味料及香辛料類
3506,黑胡椒粒或五香粉,調味料及香辛料類
3507,高熔點巧克力豆,加工調理食品及其他類
3508,蒲燒鰻魚,豆魚蛋肉類
3509,煙燻鱈魚肝罐頭,豆魚蛋肉類
3510,芫荽碎,蔬菜類
3511,紫山藥,全榖雜糧類
3512,蔥抓餅,加工調理食品及其他類
3513,高麗菜(可略),加工調理食品及其他類
3514,辣椒醬(可略),調味料及香辛料類
3515,佛手瓜（切絲）,蔬菜類
3516,鮮菇（切片）,蔬菜類
3517,"鹽,植物味素",加工調理食品及其他類
3518,川耳,蔬菜類
3519,魚丸,加工調理食品及其他類
3520,西紅柿,水果類
3521,橙花香精,未分類
3522,酥皮（20*20cm正方）,糖類
3523,秋葵片,蔬菜類
3524,燙熟剝殼的蝦子,豆魚蛋肉類
3525,米春捲皮,加工調理食品及其他類
3526,檸檬葉(切絲),水果類
3527,去皮無骨雞腿,豆魚蛋肉類
3528,罐頭蔭瓜,加工調理食品及其他類
3529,罐頭剝皮辣椒,調味料及香辛料類
3530,柚子醋醬油（ポン酢）,調味料及香辛料類
3531,起司奶油,油脂與堅果種子類
3532,赤藻醣醇,加工調理食品及其他類
3533,墨西哥餅皮,未分類
3534,安食小品醬鹽,未分類
3535,安食小品黑豆油膏,調味料及香辛料類
3536,千張皮,全榖雜糧類
3537,熟雞胸肉,豆魚蛋肉類
3538,柚肉和風醬,調味料及香辛料類
3539,有機黃豆,豆魚蛋肉類
3540,黃豆濾網袋,豆魚蛋肉類
3541,果汁機,乳品類
3542,小麥蛋白粉,全榖雜糧類
3543,燕麥粉,全榖雜糧類
3544,亞麻仁籽粉,油脂與堅果種子類
3545,花椰米,蔬菜類
3546,蒜粒粉/蒜粉,調味料及香辛料類
3547,老妹麵包預拌粉,蔬菜類
3548,低糖酵母,調味料及香辛料類
3549,OXO水波蛋神器,豆魚蛋肉類
3550,OXO好好握彈性矽膠鍋鏟,未分類
3551,OXO面面俱到起士刨切盒,未分類
3552,番茄糊,蔬菜類
3553,OXO可調式蔬果削片器,未分類
3554,OXO家庭式蔬果削鉛筆機,未分類
3555,OXO好清理壓蒜泥器,未分類
3556,液態奶油,油脂與堅果種子類
3557,OXO按壓式蔬菜脫水器,蔬菜類
3558,水+一個雞蛋（大概60克）共,豆魚蛋肉類
3559,OXO矽膠隔熱手套,未分類
3560,OXO好打發11吋矽膠打蛋器,未分類
3561,藜麥,全榖雜糧類
3562,小米,全榖雜糧類
3563,OXO不鏽鋼沙拉剪,調味料及香辛料類
3564,OXO醬汁搖搖量杯,未分類
3565,OXO家庭號蔬果削鉛筆機,未分類
3566,OXO檸檬榨汁器,水果類
3567,OXO可調式蔬果削⽚器,未分類
3568,OXO蔬果削鉛筆機,未分類
3569,OXO按壓式蔬菜脫⽔機,蔬菜類
3570,熟糙米,全榖雜糧類
3571,牛後腿肉,豆魚蛋肉類
3572,OXO不銹鋼沙拉剪,調味料及香辛料類
3573,蛋白質捲餅,豆魚蛋肉類
3574,Mozzarella,未分類
3575,紅椒醬,調味料及香辛料類
3576,義式綜合香料,未分類
3577,帕米吉安諾起司,乳品類
3578,brie起司,乳品類
3579,熟南瓜丁,蔬菜類
3580,黑松露醬,調味料及香辛料類
3581,無花果,水果類
3582,牛蕃茄(拳頭大),調味料及香辛料類
3583,蔬菜高湯,調味料及香辛料類
3584,牛蕃茄(雞蛋大),蔬菜類
3585,羅曼生菜,蔬菜類
3586,鮮菇（香菇、杏鮑菇）,蔬菜類
3587,鮮選我塩麴,蔬菜類
3588,非基改千張豆腐皮,加工調理食品及其他類
3589,純在葡萄柚蘋果綠茶,水果類
3590,雞胸絞肉,豆魚蛋肉類
3591,焗烤起司絲,蔬菜類
3592,高蛋白粉（巧克力或原味皆可）,豆魚蛋肉類
3593,桂格燕麥片,全榖雜糧類
3594,杏仁奶,加工調理食品及其他類
3595,PB2花生粉,油脂與堅果種子類
3596,巧克力高蛋白粉（裹外衣）,豆魚蛋肉類
3597,紫洋蔥🧅,蔬菜類
3598,豬或牛攪肉,豆魚蛋肉類
3599,海鮮（白蝦、淡菜）,豆魚蛋肉類
3600,鵝油or豬油,油脂與堅果種子類
3601,蒜🧄未,加工調理食品及其他類
3602,辣椒🌶️（可有可無）,調味料及香辛料類
3603,🍋檸檬（莎莎醬材料）,水果類
3604,冷壓初榨橄欖油,油脂與堅果種子類
3605,酪梨、百香果、芒果、鳳梨火龍果,水果類
3606,costco大蝦仁,豆魚蛋肉類
3607,花椰菜米,蔬菜類
3608,桃屋蒜醬,調味料及香辛料類
3609,羅美生菜,蔬菜類
3610,辣椒粒,蔬菜類
3611,去骨牛小排,豆魚蛋肉類
3612,匈牙利紅甜椒粉,加工調理食品及其他類
3613,蒜味鹽,加工調理食品及其他類
3614,黑麵包,蔬菜類
3615,蒜香調味,調味料及香辛料類
3616,市售紅茶,豆魚蛋肉類
3617,寒天條,加工調理食品及其他類
3618,小捲（或花枝）,豆魚蛋肉類
3619,甜椒（黃紅）,蔬菜類
3620,蒜頭（切丁切碎）,調味料及香辛料類
3621,義大利麵（粗細）,調味料及香辛料類
3622,辣椒粉（看個人）,調味料及香辛料類
3623,乳酪絲（看個人）,乳品類
3624,黃豆,豆魚蛋肉類
3625,筍,蔬菜類
3626,和風柚子醬,調味料及香辛料類
3627,原味乳酪,油脂與堅果種子類
3628,帶子,蔬菜類
3629,罐頭水煮鮪魚,豆魚蛋肉類
3630,柚肉和風醬/柚肉果醋/橄欖油,油脂與堅果種子類
3631,蘿蔓葉,蔬菜類
3632,蔬菜脫⽔機（美國品牌OXO）,未分類
3633,不鏽鋼沙拉剪（美國品牌OXO）,調味料及香辛料類
3634,醬汁搖搖杯（美國品牌OXO）,未分類
3635,酪梨切片器（美國品牌OXO）,豆魚蛋肉類
3636,壓蒜泥器（美國品牌OXO）,未分類
3637,檸檬榨汁器（美國品牌OXO）,水果類
3638,豬梅花/豬里肌,豆魚蛋肉類
3639,高麗菜、毛豆、金針菇,蔬菜類
3640,醬油、米酒、糖、鹽、柴魚片,豆魚蛋肉類
3641,台灣紅藜,全榖雜糧類
3642,熟南瓜,加工調理食品及其他類
3643,牛攪肉,豆魚蛋肉類
3644,無刺鮭魚塊,豆魚蛋肉類
3645,煙燻鹹豬肉或肉絲,豆魚蛋肉類
3646,小洋蔥,蔬菜類
3647,豬後腿瘦絞肉,豆魚蛋肉類
3648,豆豉辣椒醬,加工調理食品及其他類
3649,鈕扣乾香菇,蔬菜類
3650,毛豆莢,豆魚蛋肉類
3651,水或牛奶,水果類
3652,芋絲,全榖雜糧類
3653,豬絞肉（瘦肉較多）,豆魚蛋肉類
3654,香蕉片,加工調理食品及其他類
3655,越南春卷米紙,未分類
3656,熟蝦,豆魚蛋肉類
3657,豉油,油脂與堅果種子類
3658,消化餅,全榖雜糧類
3659,鴨胸,豆魚蛋肉類
3660,無糖花生醬,調味料及香辛料類
3661,細洋蔥,蔬菜類
3662,希臘優格或檸檬汁,水果類
3663,法式香草粉,調味料及香辛料類
3664,撒神秘粉,加工調理食品及其他類
3665,蒜香粉,調味料及香辛料類
3666,三色藜麥,全榖雜糧類
3667,自製美乃滋,加工調理食品及其他類
3668,自製低醣茄子醬,調味料及香辛料類
3669,醃好的雞肉,豆魚蛋肉類
3670,主食馬鈴薯,全榖雜糧類
3671,低鈉醬油,調味料及香辛料類
3672,喜歡的香料或醬汁,未分類
3673,千張,全榖雜糧類
3674,蛋一顆,豆魚蛋肉類
3675,蘿蔓,蔬菜類
3676,水煮鮪魚,豆魚蛋肉類
3677,小磨坊鮮磨黑胡椒,調味料及香辛料類
3678,小磨坊紅辣椒粉,調味料及香辛料類
3679,小磨坊羅勒葉,調味料及香辛料類
3680,小磨坊蒜風味油,油脂與堅果種子類
3681,白花椰菜粒,蔬菜類
3682,迷迭香末,調味料及香辛料類
3683,雞胸切丁,豆魚蛋肉類
3684,義式香料/蒜粉,調味料及香辛料類
3685,百家珍檸檬醋,水果類
3686,美國進口酪梨,水果類
3687,水煮蛋黃,豆魚蛋肉類
3688,香茅（可略）,未分類
3689,肉桂（肉桂粉）,調味料及香辛料類
3690,辣椒粉（馬來西亞購入）,調味料及香辛料類
3691,咖喱粉（馬來西亞購入）,調味料及香辛料類
3692,"蝦仁,小卷",豆魚蛋肉類
3693,棕梠糖(或細砂糖),糖類
3694,墨西哥捲餅(Costco),未分類
3695,蘆筍(細的粗的都可以）,蔬菜類
3696,蘋果(或番茄),水果類
3697,去骨雞腿肉(也能用雞胸肉）,豆魚蛋肉類
3698,普羅旺斯義大利麵醬(家樂福）,調味料及香辛料類
3699,玫瑰鹽（馬鈴薯）,全榖雜糧類
3700,大蒜粉或義式香料（有或無皆可）,調味料及香辛料類
3701,雞里肌肉切柳狀,豆魚蛋肉類
3702,細蔥花,加工調理食品及其他類
3703,黑蔭豉,未分類
3704,蛋皮,豆魚蛋肉類
3705,雞蛋白,豆魚蛋肉類
3706,茂谷柑,水果類
3707,天貝,豆魚蛋肉類
3708,大成清雞胸,豆魚蛋肉類
3709,安佳乳酪絲,蔬菜類
3710,紅、黃彩椒,全榖雜糧類
3711,糖漿（椰糖蜜）,糖類
3712,軟法麵包,蔬菜類
3713,蒜頭/紅蔥頭,蔬菜類
3714,檸檬一顆/檸檬汁,水果類
3715,綜合香料(可不加),未分類
3716,乾辣椒/七味粉,調味料及香辛料類
3717,天貝1包,全榖雜糧類
3718,番茄泥(醬),蔬菜類
3719,糖漿,豆魚蛋肉類
3720,Ikea裸麥麵包,蔬菜類
3721,手磨胡椒粒,調味料及香辛料類
3722,牛奶（可省略）,水果類
3723,沙拉醬汁,調味料及香辛料類
3724,乾黎麥,未分類
3725,香椿泥,調味料及香辛料類
3726,香油(白芝麻油),調味料及香辛料類
3727,雞肉丁,豆魚蛋肉類
3728,熟毛豆仁,豆魚蛋肉類
3729,羊肉絲（任何肉都可,豆魚蛋肉類
3730,四號海爺紅油皮蛋醬,豆魚蛋肉類
3731,墨西哥辣味乾酪,乳品類
3732,蔥/蘆筍/高麗菜/蔬菜,蔬菜類
3733,帶骨雞胸肉,豆魚蛋肉類
3734,楓糖/糖,糖類
3735,白醋(也可不加),加工調理食品及其他類
3736,花枝圈(透抽圈),豆魚蛋肉類
3737,檸檬切薄片,水果類
3738,檸檬汁(汆燙花枝用),水果類
3739,墨西哥玉米餅皮,全榖雜糧類
3740,燙熟放涼黃秋葵,蔬菜類
3741,燙熟放涼玉米筍,全榖雜糧類
3742,蛋皮或蛋皮絲,蔬菜類
3743,昆布(含水),豆魚蛋肉類
3744,綠咖哩粉,調味料及香辛料類
3745,椰奶（椰漿）,調味料及香辛料類
3746,生薏仁,全榖雜糧類
3747,青蔥切碎,蔬菜類
3748,洋蔥切碎,蔬菜類
3749,日式照燒烤肉醬,調味料及香辛料類
3750,熟綠竹筍,蔬菜類
3751,青木瓜,水果類
3752,七味唐辛子,調味料及香辛料類
3753,青蔥（用刀拍扁，切成段）,蔬菜類
3754,無糖蘋果醋,調味料及香辛料類
3755,天然的代糖,調味料及香辛料類
3756,香油或麻油,調味料及香辛料類
3757,七味粉和辣椒粉,調味料及香辛料類
3758,烏醋和白醋,調味料及香辛料類
3759,紅辣椒(可免),調味料及香辛料類
3760,辣椒油,油脂與堅果種子類
3761,白豆干,加工調理食品及其他類
3762,雞腿片,蔬菜類
3763,雞柳條,豆魚蛋肉類
3764,香草葉,未分類
3765,雞胸肉2塊,豆魚蛋肉類
3766,山苦瓜(去籽切小塊),蔬菜類
3767,熟雞絲,加工調理食品及其他類
3768,鹹蛋(蛋白與蛋黃分別切碎),豆魚蛋肉類
3769,乾燥迷迭香,調味料及香辛料類
3770,特級冷壓初榨橄欖油,油脂與堅果種子類
3771,低脂豬絞肉,豆魚蛋肉類
3772,洋蔥半顆,蔬菜類
3773,蘿蔔乾,蔬菜類
3774,豬小里肌,豆魚蛋肉類
3775,乾燥洋香菜葉,調味料及香辛料類
3776,熟鷹嘴豆,豆魚蛋肉類
3777,印度咖哩粉,調味料及香辛料類
3778,雙色起司,乳品類
3779,火鍋肉片（梅花豬肉）,豆魚蛋肉類
3780,雞柳(雞里肌),豆魚蛋肉類
3781,葡萄,水果類
3782,雞里肌(雞柳),豆魚蛋肉類
3783,無糖原味優格,乳品類
3784,純咖哩粉,調味料及香辛料類
3785,乾燥時蘿,未分類
3786,新鮮迷迭香葉,調味料及香辛料類
3787,去皮花生,油脂與堅果種子類
3788,糖少許,未分類
3789,蒜味黑胡椒,調味料及香辛料類
3790,海鮮,豆魚蛋肉類
3791,洋芋沙拉,加工調理食品及其他類
3792,豬肉片(可選自己喜歡的肉片),豆魚蛋肉類
3793,豌豆莢,豆魚蛋肉類
3794,小型三色彩椒,蔬菜類
3795,和風醬油(柚子風味),調味料及香辛料類
3796,烏醋(用柚子醬油時可省略),調味料及香辛料類
3797,去骨雞腿或帶骨雞腿,蔬菜類
3798,黑胡椒粉或粗粒,調味料及香辛料類
3799,甜椒(紅黃),蔬菜類
3800,小磨坊紫蘇風味料,蔬菜類
3801,中濃醋醬,調味料及香辛料類
3802,雞肉（無骨頭）,豆魚蛋肉類
3803,蒜油（沒蒜油就蒜頭六瓣,調味料及香辛料類
3804,國產白蝦,豆魚蛋肉類
3805,雞里肌肉（雞胸也可）,豆魚蛋肉類
3806,玄米油（混合白蝦和雞肉）,加工調理食品及其他類
3807,全麥餅乾碎片,全榖雜糧類
3808,綺麗低脂油（炒菜）,油脂與堅果種子類
3809,辣椒片,蔬菜類
3810,楓糖漿(可換蜂蜜),糖類
3811,木耳切碎,蔬菜類
3812,高湯（若無可以清水代替）,調味料及香辛料類
3813,水手牌健康全粒粉,加工調理食品及其他類
3814,鹹味蘇打餅,全榖雜糧類
3815,紅辣椒(可不加),調味料及香辛料類
3816,生干貝,豆魚蛋肉類
3817,Costco鱈魚排,豆魚蛋肉類
3818,聖女小番茄,蔬菜類
3819,鯛魚腹片,豆魚蛋肉類
3820,豆苗,蔬菜類
3821,柚子醬油,調味料及香辛料類
3822,去皮生雞胸肉,加工調理食品及其他類
3823,球芽甘藍,蔬菜類
3824,沙茶醬（牛頭牌）,調味料及香辛料類
3825,藜麥糙米飯,全榖雜糧類
3826,豆輪,油脂與堅果種子類
3827,糙米黑米小麥種子藜麥,全榖雜糧類
3828,無糖麥片,全榖雜糧類
3829,碗豆莢,豆魚蛋肉類
3830,雞胸肉：,豆魚蛋肉類
3831,鹽麴：,油脂與堅果種子類
3832,紅蔥頭：,蔬菜類
3833,白酒：,加工調理食品及其他類
3834,蘑菇：,蔬菜類
3835,鴻喜菇：,蔬菜類
3836,豆苗：,蔬菜類
3837,烤松子：,油脂與堅果種子類
3838,麵粉：,全榖雜糧類
3839,奶油：,油脂與堅果種子類
3840,小黃瓜薄片：,蔬菜類
3841,蘿蔓：,蔬菜類
3842,牛奶：,水果類
3843,開水：,未分類
3844,紅蘿蔔條：,加工調理食品及其他類
3845,白蘿蔔條：,蔬菜類
3846,鹽（白醬部份）：,調味料及香辛料類
3847,黑胡椒：,加工調理食品及其他類
3848,伍斯特醬：,調味料及香辛料類
3849,粗粒胡椒,調味料及香辛料類
3850,中卷（透抽）,豆魚蛋肉類
3851,法式芥末籽醬,調味料及香辛料類
3852,巴西利葉,蔬菜類
3853,濕黃豆渣,豆魚蛋肉類
3854,柴魚,豆魚蛋肉類
3855,冷凍石斑魚塊（全聯）,豆魚蛋肉類
3856,干貝粉（可有可無）,豆魚蛋肉類
3857,雞柳條（雞胸肉）,豆魚蛋肉類
3858,番紅花香料粉,加工調理食品及其他類
3859,高蛋白鬆餅粉,加工調理食品及其他類
3860,安佳較低脂起司片,乳品類
3861,壽司醋或白醋,調味料及香辛料類
3862,(洋蔥),蔬菜類
3863,蔬菜,蔬菜類
3864,鰹魚淡醬油,調味料及香辛料類
3865,麻油（或香油）,調味料及香辛料類
3866,史雲生雞湯,未分類
3867,冷凍青花菜,蔬菜類
3868,快樂牛低脂起司片,乳品類
3869,沙拉菜,調味料及香辛料類
3870,果仁碎,油脂與堅果種子類
3871,石榴,水果類
3872,義大利黑醋,蔬菜類
3873,蔥花（可省,加工調理食品及其他類
3874,熟雞胸,豆魚蛋肉類
3875,空心菜（粗,蔬菜類
3876,快樂牛起司片,乳品類
3877,蔥（可省,調味料及香辛料類
3878,椰棗,加工調理食品及其他類
3879,椰絲,蔬菜類
3880,綜合燕麥片,全榖雜糧類
3881,鹽、黑胡椒,加工調理食品及其他類
3882,雞胸肉絞肉,豆魚蛋肉類
3883,Myprotein鹽味焦糖乳清,未分類
3884,鹽漬檸檬汁,水果類
3885,就這樣,未分類
3886,椰子花蜜糖,調味料及香辛料類
3887,Ikea肉丸,豆魚蛋肉類
3888,蒜味粉,調味料及香辛料類
3889,無骨雞胸肉,豆魚蛋肉類
3890,Ikea燻鮭魚,加工調理食品及其他類
3891,越南春捲皮(米紙),加工調理食品及其他類
3892,[醬汁]小辣椒,調味料及香辛料類
3893,[醬汁]糖,調味料及香辛料類
3894,[醬汁]檸檬汁,水果類
3895,高湯或清水,未分類
3896,花生米,油脂與堅果種子類
3897,二級砂糖,糖類
3898,糖(赤藻糖醇),未分類
3899,赤藻糖醇(或砂糖),糖類
3900,檸檬汁(選擇性),水果類
3901,蝴蝶麵,加工調理食品及其他類
3902,砂糖(可視個人口味調整),糖類
3903,鳳梨豆瓣,水果類
3904,醬油(無麩質醬油),調味料及香辛料類
3905,義大利香料粉,加工調理食品及其他類
3906,原味燕麥片,全榖雜糧類
3907,蓮藕粉,全榖雜糧類
3908,芥花油,油脂與堅果種子類
3909,有機木耳,蔬菜類
3910,有機杏鮑菇,蔬菜類
3911,好雞蛋,豆魚蛋肉類
3912,苦茶油,油脂與堅果種子類
3913,低脂起司,調味料及香辛料類
3914,四季豆隨意,加工調理食品及其他類
3915,辣椒（可不加）,調味料及香辛料類
3916,八角（可不加）,調味料及香辛料類
3917,青花椰菜（半個）,蔬菜類
3918,番茄(半顆),蔬菜類
3919,番薯（半條）,未分類
3920,洋蔥(1/4),蔬菜類
3921,辣椒粉（視個人口味）,調味料及香辛料類
3922,橄欖油（一鐵湯匙）,油脂與堅果種子類
3923,鹽、肉桂,調味料及香辛料類
3924,優格、核果、莓果,調味料及香辛料類
3925,全麥土司（看厚度增減）,全榖雜糧類
3926,豬絞肉（瘦）,豆魚蛋肉類
3927,黃芥末,調味料及香辛料類
3928,高麗菜（一整顆）,蔬菜類
3929,豬絞肉（瘦肉）,豆魚蛋肉類
3930,雞胸肉（一片）,豆魚蛋肉類
3931,和風高湯,調味料及香辛料類
3932,鰹魚風醬油,調味料及香辛料類
3933,蔥（看個人喜好添加）,調味料及香辛料類
3934,原味無香料添加大燕麥片,全榖雜糧類
3935,各式香草,水果類
3936,全聯頂瓜瓜綜合鍋,未分類
3937,全聯東港鱈魚丸,加工調理食品及其他類
3938,全聯黃金雞低脂火鍋片組合,水果類
3939,全聯進口霜降豬頸肉切片,豆魚蛋肉類
3940,全聯金針菇,蔬菜類
3941,全聯大陸A菜,蔬菜類
3942,全聯洋蔥,蔬菜類
3943,全聯蒜仁,未分類
3944,全聯高麗菜,蔬菜類
3945,全聯蒟蒻,全榖雜糧類
3946,全聯青蔥,蔬菜類
3947,韓國泡麵,加工調理食品及其他類
3948,無加糖豆漿,加工調理食品及其他類
3949,巴格果漾天然檸檬啤酒,加工調理食品及其他類
3950,韓式豆漿部隊鍋湯底,加工調理食品及其他類
3951,黃瓜絲,蔬菜類
3952,青紅蘿蔔(大),蔬菜類
3953,番茄(大),蔬菜類
3954,椰菜,蔬菜類
3955,脫脂魚湯,乳品類
3956,美乃滋/千島醬/優格(任選),調味料及香辛料類
3957,小型洋蔥切末,蔬菜類
3958,嫩菠菜葉,蔬菜類
3959,鹽巴及胡椒,未分類
3960,鯛魚背肉,豆魚蛋肉類
3961,麥片，堅果,糖類
3962,白皮小馬鈴薯,全榖雜糧類
3963,生萵苣,蔬菜類
3964,普羅旺斯風味香料,未分類
3965,酸黃瓜醬,調味料及香辛料類
3966,燻鮭魚,加工調理食品及其他類
3967,使用一般量匙,未分類
3968,黑木耳泡發,蔬菜類
3969,香菜葉,調味料及香辛料類
3970,墨西哥醃辣椒,加工調理食品及其他類
3971,香菜梗,調味料及香辛料類
3972,海藻,豆魚蛋肉類
3973,蘿曼生菜,蔬菜類
3974,南瓜(小顆),加工調理食品及其他類
3975,細麵,加工調理食品及其他類
3976,罵鈴薯,全榖雜糧類
3977,熟蛋黃,豆魚蛋肉類
3978,牛奶/豆漿,豆魚蛋肉類
3979,無糖優酪乳,豆魚蛋肉類
3980,蒟蒻雪麵,加工調理食品及其他類
3981,西瓜,水果類
3982,西瓜挖球,水果類
3983,辣椒橄欖油,油脂與堅果種子類
3984,［A料］草莓,水果類
3985,［A料］香蕉,水果類
3986,［A料］原味優格,乳品類
3987,［A料］香草精,調味料及香辛料類
3988,［A料］檸檬汁,水果類
3989,［A料］楓糖或蜂蜜,糖類
3990,［B料］草莓,水果類
3991,［B料］杏仁片,全榖雜糧類
3992,越南火腿,未分類
3993,越南米線(粉),加工調理食品及其他類
3994,小黃瓜去皮切半切條,蔬菜類
3995,辣椒去籽切末,加工調理食品及其他類
3996,香菜切碎(選擇),未分類
3997,花生碎or粉(選擇),調味料及香辛料類
3998,蘋果(切片泡鹽水),乳品類
3999,越南米粉,加工調理食品及其他類
4000,生菜葉,蔬菜類
4001,越南酸甜辣醬,調味料及香辛料類
4002,青檸檬,水果類
4003,西瓜切片,水果類
4004,西班牙煙燻紅椒粉,加工調理食品及其他類
4005,開心果切碎,油脂與堅果種子類
4006,迷迭香葉切碎,調味料及香辛料類
4007,雞脾菇,蔬菜類
4008,小冬菇,蔬菜類
4009,草菇,蔬菜類
4010,唐芹,蔬菜類
4011,冷麵汁,加工調理食品及其他類
4012,麻油/辣油,油脂與堅果種子類
4013,水份,調味料及香辛料類
4014,熟雞胸(約120g),豆魚蛋肉類
4015,醬汁︰醬油,調味料及香辛料類
4016,醬汁︰糯米辣椒醬(或番茄醬),調味料及香辛料類
4017,醬汁︰白醋,調味料及香辛料類
4018,醬汁︰糖,調味料及香辛料類
4019,醬汁︰麻油,油脂與堅果種子類
4020,醬汁︰水,未分類
4021,小黃,豆魚蛋肉類
4022,涼粉,調味料及香辛料類
4023,醬汁︰蒜薑蔥末,未分類
4024,醬汁︰辣椒,調味料及香辛料類
4025,醬汁︰花椒粉,調味料及香辛料類
4026,花生(在意熱量則免)、,調味料及香辛料類
4027,醬汁︰麻辣醬,調味料及香辛料類
4028,芥末籽醬,調味料及香辛料類
4029,脫脂優格,乳品類
4030,牛番茄切片,蔬菜類
4031,小黃瓜斜切片,蔬菜類
4032,紫洋蔥切片,蔬菜類
4033,費達起司,乳品類
4034,芝麻葉,油脂與堅果種子類
4035,和風芝麻醬,調味料及香辛料類
4036,尖管麵,豆魚蛋肉類
4037,櫻桃蕃茄,水果類
4038,蟹棒肉,豆魚蛋肉類
4039,鮮咸蛋,豆魚蛋肉類
4040,薑(切片),豆魚蛋肉類
4041,漢堡包,加工調理食品及其他類
4042,低脂芝士片,乳品類
4043,生菜片、番茄片、鮮菠蘿片,蔬菜類
4044,瘦雞肉碎,豆魚蛋肉類
4045,洋葱(切碎),未分類
4046,無鹽香草、胡椒粉,調味料及香辛料類
4047,低鈉意粉醬,調味料及香辛料類
4048,藜麥quinoa,全榖雜糧類
4049,香油(可省),調味料及香辛料類
4050,大蒜切碎,調味料及香辛料類
4051,柳橙皮刨絲,水果類
4052,番紅花絲,蔬菜類
4053,紫洋蔥切絲,蔬菜類
4054,蘆筍切段,蔬菜類
4055,白肉魚排,豆魚蛋肉類
4056,蘋果蜂蜜柚子醬(或其他果醬),調味料及香辛料類
4057,寒天粉(洋菜粉),蔬菜類
4058,燕麥寶即食包,全榖雜糧類
4059,低脂起司片,乳品類
4060,乾燥迷迭香巴西里調味料,調味料及香辛料類
4061,紅酒醋、巴薩米可醋,調味料及香辛料類
4062,五味粉(可略),調味料及香辛料類
4063,味噌(可略),調味料及香辛料類
4064,蒟蒻烏龍麵,全榖雜糧類
4065,蒜泥or薑泥,未分類
4066,杏仁果(可略),加工調理食品及其他類
4067,沙葛,未分類
4068,大芒果,水果類
4069,細青瓜,水果類
4070,車厘茄,蔬菜類
4071,韓國薯粉,加工調理食品及其他類
4072,韓國甜辣醬,調味料及香辛料類
4073,牛柳粒,豆魚蛋肉類
4074,薑及乾蔥,調味料及香辛料類
4075,代糖,糖類
4076,黑椒粉,調味料及香辛料類
4077,低鈉豉油,油脂與堅果種子類
4078,雞柳,豆魚蛋肉類
4079,香吉士果肉切片,豆魚蛋肉類
4080,杏仁碎,全榖雜糧類
4081,香吉士皮刨絲,蔬菜類
4082,巴薩米克酒醋醬,調味料及香辛料類
4083,燕麥麵,全榖雜糧類
4084,蔥花辣椒,調味料及香辛料類
4085,蟹肉罐頭,豆魚蛋肉類
4086,阿里山芥末,未分類
4087,豆芽蘆筍,蔬菜類
4088,蒜頭辣椒香菜九層塔碎,蔬菜類
4089,鮮筍(不含殼),蔬菜類
4090,紅蘿蔔／蓮藕,全榖雜糧類
4091,冬菇,蔬菜類
4092,蒜(剁茸),調味料及香辛料類
4093,無味精雞湯,調味料及香辛料類
4094,客家桔醬,調味料及香辛料類
4095,麵包粉+橄欖油,調味料及香辛料類
4096,蒸馬鈴薯切丁,全榖雜糧類
4097,水煮四季豆切丁,蔬菜類
4098,黃甜椒切丁,蔬菜類
4099,紅甜椒切丁,蔬菜類
4100,鮪魚生魚片切丁,豆魚蛋肉類
4101,鮭魚生魚片切丁,豆魚蛋肉類
4102,海鱺魚生魚片切丁,豆魚蛋肉類
4103,油漬鯷魚搗碎,油脂與堅果種子類
4104,酸豆切碎,未分類
4105,油漬橄欖切片,油脂與堅果種子類
4106,蒟蒻凍粉,全榖雜糧類
4107,#沾麵汁#昆布,未分類
4108,#沾麵汁#柴魚,豆魚蛋肉類
4109,#沾麵汁#水,未分類
4110,#沾麵汁#醬油,調味料及香辛料類
4111,#沾麵汁#味霖,加工調理食品及其他類
4112,蘋果泥(或蘋果醬),調味料及香辛料類
4113,糖(可省略),調味料及香辛料類
4114,裝飾用巧克力(可省略),調味料及香辛料類
4115,材料,未分類
4116,鮮冬菇,蔬菜類
4117,金菇,蔬菜類
4118,西蘭花,加工調理食品及其他類
4119,惹味粉,加工調理食品及其他類
4120,牛柳,水果類
4121,青甜椒,蔬菜類
4122,辣椒粉(視乎口味),調味料及香辛料類
4123,南瓜(小),豆魚蛋肉類
4124,蒟蒻條,全榖雜糧類
4125,甘筍,蔬菜類
4126,蒜茸,蔬菜類
4127,滷水汁,未分類
4128,天然滷汁包,調味料及香辛料類
4129,有機黃金砂糖,調味料及香辛料類
4130,純冷壓黑芝麻油,油脂與堅果種子類
4131,巴西利切碎,蔬菜類
4132,紅蔥頭切碎,蔬菜類
4133,醃漬橄欖切片,豆魚蛋肉類
4134,油漬鯷魚切碎,油脂與堅果種子類
4135,乾燥辣椒片,加工調理食品及其他類
4136,蘑菇切丁,蔬菜類
4137,黃櫛瓜切丁,蔬菜類
4138,綠櫛瓜切丁,蔬菜類
4139,帕馬森起司刨絲,蔬菜類
4140,地瓜切塊,全榖雜糧類
4141,小顆蘋果切丁,水果類
4142,小黃瓜切丁,蔬菜類
4143,粗粒黑胡椒,調味料及香辛料類
4144,紅甜椒．黃甜椒,蔬菜類
4145,核桃果仁．腰果,油脂與堅果種子類
4146,【泰式沙拉醬】紅辣椒碎末,調味料及香辛料類
4147,【泰式沙拉醬】食醋,調味料及香辛料類
4148,【泰式沙拉醬】醬油．橄欖油,調味料及香辛料類
4149,【泰式沙拉醬】乾燥羅勒,調味料及香辛料類
4150,【泰式沙拉醬】大蒜碎末,調味料及香辛料類
4151,【泰式沙拉醬】檸檬汁,調味料及香辛料類
4152,山鱒魚,豆魚蛋肉類
4153,西式醃漬香料,加工調理食品及其他類
4154,蔥片,蔬菜類
4155,高纖蔬果雞高湯,全榖雜糧類
4156,鮭魚切丁,豆魚蛋肉類
4157,海帶切絲,蔬菜類
4158,油漬番茄,水果類
4159,甜椒（各色皆可）,蔬菜類
4160,通粉(生),油脂與堅果種子類
4161,瘦肉片,豆魚蛋肉類
4162,冬瓜(切粒),蔬菜類
4163,番茄(切粒),蔬菜類
4164,葱粒,蔬菜類
4165,高麗菜切片,蔬菜類
4166,蒜苗斜切段,調味料及香辛料類
4167,梅花卷切片,豆魚蛋肉類
4168,豬後腿瘦肉切丁,豆魚蛋肉類
4169,薑片(可省),未分類
4170,肉片,豆魚蛋肉類
4171,中等馬鈴薯,全榖雜糧類
4172,德國香腸,加工調理食品及其他類
4173,鮮山藥(淮山),全榖雜糧類
4174,脫脂清雞湯,未分類
4175,牛腱肉切丁,豆魚蛋肉類
4176,菠菜切段,蔬菜類
4177,枝豆(毛豆),豆魚蛋肉類
4178,豆腐(可有可無),加工調理食品及其他類
4179,椰子油（橄欖油亦可）,油脂與堅果種子類
4180,木瓜果醬,乳品類
4181,香菇或鴻喜菇,蔬菜類
4182,醬油（可有可無）,調味料及香辛料類
4183,蒜泥（可有可無）,豆魚蛋肉類
4184,【香料共和國】醍味白胡椒,調味料及香辛料類
4185,蓮子／薏仁,油脂與堅果種子類
4186,板豆腐（木棉豆腐風味更佳）,加工調理食品及其他類
4187,鹽、胡椒（可自行調整）,未分類
4188,巴薩米克醋（或白醋）,調味料及香辛料類
4189,蒟蒻片,全榖雜糧類
4190,蔥段以及蒜頭,調味料及香辛料類
4191,彩色紅蘿蔔,蔬菜類
4192,青苦瓜,水果類
4193,新鮮吻仔魚,豆魚蛋肉類
4194,新鮮櫻花蝦,豆魚蛋肉類
4195,蘿美生菜,蔬菜類
4196,紅、黃椒,全榖雜糧類
4197,蜂蜜果糖,糖類
4198,麵包丁,蔬菜類
4199,紅椒、黃椒,蔬菜類
4200,萵苣或蘿美,蔬菜類
4201,黑胡椒、橄欖油,油脂與堅果種子類
4202,【香料共和國】迷迭香粉,調味料及香辛料類
4203,山蘇,蔬菜類
4204,和風沙拉醬,調味料及香辛料類
4205,馬鈴薯（小顆）,全榖雜糧類
4206,完整大白菜葉,蔬菜類
4207,豬里肌肉/豬排肉,豆魚蛋肉類
4208,越南米紙（直徑25公分）,全榖雜糧類
4209,新鮮越南米粉/潮州粿條,加工調理食品及其他類
4210,萵苣生菜,蔬菜類
4211,紅蘿蔔，切絲,蔬菜類
4212,小黃瓜，切絲,蔬菜類
4213,薄荷葉或九層塔,蔬菜類
4214,萊姆/青檸檬汁,水果類
4215,龍舌蘭糖漿或蜂蜜,糖類
4216,泰國紅辣椒,調味料及香辛料類
4217,老抽（或醬油）,調味料及香辛料類
4218,迷迭香料,調味料及香辛料類
4219,AK安康藜麥,全榖雜糧類
4220,芝麻菜,蔬菜類
4221,新鮮無花果,水果類
4222,金黃奇異果,水果類
4223,AK安康有機腰果,糖類
4224,汁料,水果類
4225,AK安康排毒酵精,未分類
4226,黑胡椒碎／意大利雜香草乾,調味料及香辛料類
4227,芙蓉豆腐,加工調理食品及其他類
4228,旗魚,豆魚蛋肉類
4229,統一無糖豆漿,加工調理食品及其他類
4230,旗魚片,豆魚蛋肉類
4231,黃櫛瓜切片,蔬菜類
4232,蘿蔓生菜丁,蔬菜類
4233,蘋果丁,水果類
4234,可樂果,糖類
4235,蒟蒻春雨,全榖雜糧類
4236,泰式酸辣沾醬,調味料及香辛料類
4237,煎蛋,豆魚蛋肉類
4238,乳酪抹醬,調味料及香辛料類
4239,芒果青,水果類
4240,糖及香菜,調味料及香辛料類
4241,番茄（有機桃太郎品種）,蔬菜類
4242,西班牙甜紅椒粉,加工調理食品及其他類
4243,櫻花蝦乾,豆魚蛋肉類
4244,桂花魚乾,豆魚蛋肉類
4245,海燕窩,加工調理食品及其他類
4246,"檸檬,香油",調味料及香辛料類
4247,"鹽巴,蠔油",調味料及香辛料類
4248,義大利麵Gigantoni,蔬菜類
4249,新鮮荷蘭芹,蔬菜類
4250,帕馬森cheese,乳品類
4251,蓮霧,水果類
4252,小黃瓜或A菜心,蔬菜類
4253,楊桃,水果類
4254,鯷魚切碎,豆魚蛋肉類
4255,黃甜椒切絲,蔬菜類
4256,紅甜椒切絲,蔬菜類
4257,西洋芹切片,調味料及香辛料類
4258,牛番茄切丁,蔬菜類
4259,甜羅勒葉,調味料及香辛料類
4260,紅蘿蔔（切絲）,加工調理食品及其他類
4261,水煮迷你馬鈴薯,全榖雜糧類
4262,水煮四季豆切段,蔬菜類
4263,鮪魚切片,豆魚蛋肉類
4264,油漬鯷魚,油脂與堅果種子類
4265,醃漬橄欖,油脂與堅果種子類
4266,非基因改造黃豆,豆魚蛋肉類
4267,越南春捲皮(米皮),加工調理食品及其他類
4268,燙熟鮮蝦,豆魚蛋肉類
4269,菜鬆(無可省或肉鬆),加工調理食品及其他類
4270,海苔粉(可略),調味料及香辛料類
4271,美生菜、紫生菜,蔬菜類
4272,蕃茄、小黃瓜,蔬菜類
4273,家樂福嚴選紅蘿蔔,加工調理食品及其他類
4274,雞蛋(可不加,豆魚蛋肉類
4275,鹽、醬油、胡椒,調味料及香辛料類
4276,(白)洋蔥,蔬菜類
4277,(綠)四季豆,蔬菜類
4278,(黑)木耳(濕),蔬菜類
4279,(紅)紅蘿菠,全榖雜糧類
4280,(黃)天貝,豆魚蛋肉類
4281,無鋁泡打粉(可有可無),加工調理食品及其他類
4282,紅蘿菠,蔬菜類
4283,核桃醬,油脂與堅果種子類
4284,日本七味粉,加工調理食品及其他類
4285,日本醬油,調味料及香辛料類
4286,凌檬汁,水果類
4287,硬豆腐,加工調理食品及其他類
4288,意大利芫荽碎,蔬菜類
4289,糖／鹽／黑胡椒碎,調味料及香辛料類
4290,小南瓜,水果類
4291,櫻桃茄,水果類
4292,山楂乾,調味料及香辛料類
4293,有機芹菜,蔬菜類
4294,急凍有機粟米粒,全榖雜糧類
4295,梨,水果類
4296,大蒜碎,調味料及香辛料類
4297,蒟蒻1片,全榖雜糧類
4298,蒟蒻粉,全榖雜糧類
4299,鹼粉,調味料及香辛料類
4300,水(3碗),未分類
4301,脫脂牛奶,乳品類
4302,香橙干邑酒,未分類
4303,白糖粉,調味料及香辛料類
4304,醃料：辣豆瓣醬,調味料及香辛料類
4305,醃料：薑片,未分類
4306,醃料：蒜片,未分類
4307,醃料：醬油,調味料及香辛料類
4308,醃料：味霖,未分類
4309,備料：花椒,調味料及香辛料類
4310,備料：醬油,調味料及香辛料類
4311,備料：辣豆瓣醬,調味料及香辛料類
4312,備料：蔥花,加工調理食品及其他類
4313,勾芡：蓮藕粉or太白粉,全榖雜糧類
4314,勾芡：花椒,調味料及香辛料類
4315,勾芡：水,未分類
4316,麵包屑,蔬菜類
4317,菇菇(任何菇類都行),蔬菜類
4318,"醬油,蠔油,鹽巴",調味料及香辛料類
4319,原味香腸,加工調理食品及其他類
4320,大蒜切片,調味料及香辛料類
4321,馬鈴薯麵疙瘩,全榖雜糧類
4322,帕瑪森起司刨絲,蔬菜類
4323,冷飯,全榖雜糧類
4324,洋蔥、紅蘿蔔,蔬菜類
4325,100度C熱水,未分類
4326,悶燒杯,未分類
4327,葡萄柚果肉,調味料及香辛料類
4328,芝麻菜,油脂與堅果種子類
4329,蘿蔔櫻桃,水果類
4330,紫高麗菜苗,蔬菜類
4331,鮪魚生魚片,豆魚蛋肉類
4332,柚香和風醬,調味料及香辛料類
4333,葡萄柚皮刨絲,蔬菜類
4334,葡萄柚汁,水果類
4335,綠芥末醬,調味料及香辛料類
4336,白精靈菇,蔬菜類
4337,為卡蒟蒻麵條,全榖雜糧類
4338,甜雞醬,調味料及香辛料類
4339,九層塔末,蔬菜類
4340,薄荷葉末,蔬菜類
4341,片栗粉,加工調理食品及其他類
4342,【日正】綠晶粉絲,蔬菜類
4343,【日正】白芝麻香油,調味料及香辛料類
4344,【日正】白胡椒粉,調味料及香辛料類
4345,【日正】寶島太白粉,加工調理食品及其他類
4346,【日正】中筋麵粉,全榖雜糧類
4347,和風昆布醬油,調味料及香辛料類
4348,任何一種起司,乳品類
4349,"蘿蔓生菜,小黃瓜,黃蕃茄",調味料及香辛料類
4350,"蘋果,原味穀片,堅果",乳品類
4351,"Sauce：優格,沙拉醬",調味料及香辛料類
4352,Sauce：蜂蜜,糖類
4353,馬鞭草花茶,加工調理食品及其他類
4354,【沛鮮】阿拉斯加野生鮭魚,豆魚蛋肉類
4355,綜合生菜-橡木葉、紅捲、火燄,蔬菜類
4356,美麗媞妮初榨橄欖油,油脂與堅果種子類
4357,七彩胡椒粉,調味料及香辛料類
4358,新鮮羅勒,調味料及香辛料類
4359,美白菇或鴻喜菇,蔬菜類
4360,烘焙紙或鋁箔紙30×20cm,未分類
4361,超濃無糖豆漿,加工調理食品及其他類
4362,烹大師(可省略),未分類
4363,牛蒡天婦羅,蔬菜類
4364,去籽的金桔,調味料及香辛料類
4365,越南米紙springrollskin,全榖雜糧類
4366,蝦仁shrimp,豆魚蛋肉類
4367,泰國粿條ricestick,加工調理食品及其他類
4368,紅羅菠,蔬菜類
4369,香菜cilantro,未分類
4370,萵巨lettuce,蔬菜類
4371,大鍋熱水,未分類
4372,製作《麵糰》,未分類
4373,製作《蔥花餡》,未分類
4374,豬油或沙拉油,油脂與堅果種子類
4375,準備《蔬果餡料》,未分類
4376,小顆蘋果,水果類
4377,千島沙拉或醬油膏,調味料及香辛料類
4378,無籽葡萄,水果類
4379,全麥薄餅,全榖雜糧類
4380,目蓿芽,蔬菜類
4381,豌豆嬰,豆魚蛋肉類
4382,千島醬,調味料及香辛料類
4383,海苔酥,調味料及香辛料類
4384,桂冠light沙拉,調味料及香辛料類
4385,紅黃青椒,調味料及香辛料類
4386,越式春捲皮,加工調理食品及其他類
4387,ABC辣椒醬,調味料及香辛料類
4388,河粉皮(或春捲皮),加工調理食品及其他類
4389,大片海苔,調味料及香辛料類
4390,夾鏈袋,未分類
4391,香酥魚鬆(可加可不加),加工調理食品及其他類
4392,【醬料】飲用水,未分類
4393,【醬料】木瓜,乳品類
4394,無油煎馬鈴薯,全榖雜糧類
4395,無油煎雞胸肉,油脂與堅果種子類
4396,水煮四季豆,加工調理食品及其他類
4397,玉米荀,全榖雜糧類
4398,去皮雞排,豆魚蛋肉類
4399,香菜或九層塔末,蔬菜類
4400,薄荷葉（可省略）,蔬菜類
4401,日式芝麻醬,調味料及香辛料類
4402,通粉,調味料及香辛料類
4403,雜菇,蔬菜類
4404,低脂芝士,調味料及香辛料類
4405,脫脂奶,乳品類
4406,(減鈉)鹽,調味料及香辛料類
4407,蕃茜,未分類
4408,廣式肝腸,未分類
4409,纖吃纖盈低卡蒟蒻米,全榖雜糧類
4410,滑豆腐,加工調理食品及其他類
4411,蛋白5只,豆魚蛋肉類
4412,鱈魚約200克,豆魚蛋肉類
4413,牛頭牌咖哩原味,調味料及香辛料類
4414,去邊白吐司,全榖雜糧類
4415,罐頭鮪魚,豆魚蛋肉類
4416,生菜,蔬菜類
4417,水浸吞拿魚,豆魚蛋肉類
4418,金奇異果/奇異果,水果類
4419,煮滾後的魚露,調味料及香辛料類
4420,大阪燒餅粉,加工調理食品及其他類
4421,椰菜(高麗菜),蔬菜類
4422,蟹棒,豆魚蛋肉類
4423,蝦肉,豆魚蛋肉類
4424,大阪燒醬,調味料及香辛料類
4425,海苔未/柴魚片,調味料及香辛料類
4426,蒟蒻麵條,全榖雜糧類
4427,藍苺,蔬菜類
4428,羅勒葉,調味料及香辛料類
4429,低卡珍珠米,豆魚蛋肉類
4430,紅色番薯,蔬菜類
4431,黃色番薯,蔬菜類
4432,低卡珍珠蒟蒻米,全榖雜糧類
4433,旭家蒟蒻麵,全榖雜糧類
4434,小魚乾高湯,豆魚蛋肉類
4435,家樂福嚴選豬肉片,豆魚蛋肉類
4436,蒟蒻麵(1包),全榖雜糧類
4437,青瓜絲,水果類
4438,12兩帶蓋吐司模,全榖雜糧類
4439,湯種麵糊,未分類
4440,珊瑚草,蔬菜類
4441,Pasta,全榖雜糧類
4442,黃金奇異果,水果類
4443,沙拉粉,調味料及香辛料類
4444,无糖豆奶,豆魚蛋肉類
4445,绿菜花,蔬菜類
4446,紅蘿蔔丁,蔬菜類
4447,江鱼仔,未分類
4448,洋葱,蔬菜類
4449,鹽巴,未分類
4450,雞精塊,未分類
4451,蒟蒻麵或冬粉,加工調理食品及其他類
4452,去皮雞腿肉,豆魚蛋肉類
4453,諾鈣C發泡錠,未分類
4454,莧菜,蔬菜類
4455,皮蛋1顆,豆魚蛋肉類
4456,洋蔥半小顆,蔬菜類
4457,龍蝦肉,豆魚蛋肉類
4458,去殼蝦子,豆魚蛋肉類
4459,羅勒（或巴西里）,調味料及香辛料類
4460,洋菜條,蔬菜類
4461,素火腿,加工調理食品及其他類
4462,"蔥末,薑末,蒜末,辣椒",調味料及香辛料類
4463,"醋,醬油",調味料及香辛料類
4464,生奶或是鮮奶,乳品類
4465,原味無糖優格,乳品類
4466,纖吃纖盈蒟蒻麵,全榖雜糧類
4467,紅麴,調味料及香辛料類
4468,嫩薑末,蔬菜類
4469,越南河粉米紙,未分類
4470,鮮芒果絲,蔬菜類
4471,海苔南瓜子脆片,調味料及香辛料類
4472,穀盛芝麻脆綠鮮,油脂與堅果種子類
4473,小聖女番茄,蔬菜類
4474,高麗菜絲（有機的為佳）,蔬菜類
4475,有機味噌,調味料及香辛料類
4476,薑泥（可不加）,豆魚蛋肉類
4477,低脂火雞片,豆魚蛋肉類
4478,甘筍條,加工調理食品及其他類
4479,青瓜條,水果類
4480,芒果條,水果類
4481,火龍果條,水果類
4482,蜜糖,水果類
4483,辣椒碎,蔬菜類
4484,豬肉末,豆魚蛋肉類
4485,"鹽,胡椒粉",調味料及香辛料類
4486,蒟蒻花枝,全榖雜糧類
4487,豆漿濾布,加工調理食品及其他類
4488,果汁機或調裡機,未分類
4489,乾海帶芽,蔬菜類
4490,蒜壓泥,豆魚蛋肉類
4491,吐司邊,全榖雜糧類
4492,泡菜(醃料),未分類
4493,醬油(醃料),調味料及香辛料類
4494,胡椒粉(醃料),調味料及香辛料類
4495,韓國辣醬(醃料),調味料及香辛料類
4496,蔬菜(自己喜歡就好),蔬菜類
4497,麵,加工調理食品及其他類
4498,韓國辣醬,調味料及香辛料類
4499,馬鈴薯手掌大小,全榖雜糧類
4500,costco凱薩醬,調味料及香辛料類
4501,樓氏甲午年五運六氣司天之氣茶包,未分類
4502,粉皮(同芋絲),蔬菜類
4503,青瓜,水果類
4504,蟹柳,豆魚蛋肉類
4505,汁(任何),未分類
4506,慕斯餡:,未分類
4507,吉立丁片,未分類
4508,咖啡液:,油脂與堅果種子類
4509,咖啡酒或白蘭地,未分類
4510,裝飾,加工調理食品及其他類
4511,巧克力屑,乳品類
4512,彩糖,糖類
4513,和風醬油露,調味料及香辛料類
4514,"紅蘿蔔,韭菜花",蔬菜類
4515,鱼丸,豆魚蛋肉類
4516,菜花,蔬菜類
4517,紅蘿蔔,蔬菜類
4518,低脂鲜奶,乳品類
4519,香油/醬油膏/糖/七味粉/辣椒醬,調味料及香辛料類
4520,全麥蛋餅皮,加工調理食品及其他類
4521,泡飽水的濕黃豆,豆魚蛋肉類
4522,雞蛋打成蛋液,豆魚蛋肉類
4523,玉片碎片,全榖雜糧類
4524,黄瓜,蔬菜類
4525,鹽,未分類
4526,大蒜(醃料),調味料及香辛料類
4527,糖(醃料),未分類
4528,橄欖油(醃料),油脂與堅果種子類
4529,番薯粉(粉水),全榖雜糧類
4530,清水(粉水),未分類
4531,【醃雞肉料】水,豆魚蛋肉類
4532,【醃雞肉料】辣豆瓣醬,調味料及香辛料類
4533,【醃雞肉料】料酒,豆魚蛋肉類
4534,【醃雞肉料】醬油,調味料及香辛料類
4535,【醃雞肉料】太白粉,豆魚蛋肉類
4536,【調味料】鹽,乳品類
4537,【調味料】胡椒粉,調味料及香辛料類
4538,【調味料】糖,調味料及香辛料類
4539,台東洛神花,蔬菜類
4540,台東有機Q梅,加工調理食品及其他類
4541,香瓜,水果類
4542,三色蔬菜,蔬菜類
4543,魚卵,加工調理食品及其他類
4544,松葉蟹棒肉,豆魚蛋肉類
4545,越式米紙,全榖雜糧類
4546,百事福美玉白汁,蔬菜類
4547,磨成泥的馬鈴薯,全榖雜糧類
4548,洋香菜葉,調味料及香辛料類
4549,乾白木耳,蔬菜類
4550,葡萄乾與枸杞,水果類
4551,桂格美味大燕麥片水果優格,全榖雜糧類
4552,雞蛋也可以只有蛋黃,水果類
4553,低糖豆漿,加工調理食品及其他類
4554,蔓越莓乾裝飾,水果類
4555,芝士粉,加工調理食品及其他類
4556,綠葉生菜,蔬菜類
4557,"九層塔,薄荷葉",蔬菜類
4558,市售豆漿,加工調理食品及其他類
4559,嫩雞丁,豆魚蛋肉類
4560,澄粉,調味料及香辛料類
4561,蛋白液,豆魚蛋肉類
4562,低糖高纖豆漿,加工調理食品及其他類
4563,砂糖A,糖類
4564,噴槍,未分類
4565,小白菇,蔬菜類
4566,綠藤生機青花椰苗，紫高麗苗,蔬菜類
4567,紫蘇,蔬菜類
4568,醬油，芥末,調味料及香辛料類
4569,果凍粉,加工調理食品及其他類
4570,蔭油,油脂與堅果種子類
4571,SpecialK原味香脆麥米片,全榖雜糧類
4572,黑巧克力磚,乳品類
4573,SpecialK香脆麥米片原味,全榖雜糧類
4574,白巧克力磚,乳品類
4575,杏仁果,全榖雜糧類
4576,榛果,油脂與堅果種子類
4577,桂冠沙拉,加工調理食品及其他類
4578,海鮮紫菜湯包,蔬菜類
4579,全麥皮,全榖雜糧類
4580,紫包心菜,蔬菜類
4581,SpecialK,未分類
4582,喜愛的水果,水果類
4583,苜素芽,蔬菜類
4584,瑞可達起司,乳品類
4585,咖啡酒或蘭姆酒,未分類
4586,低脂原味優格,乳品類
4587,中型草莓,水果類
4588,輕食貝果ThinBagel,未分類
4589,Jalapeno,未分類
4590,番茄醬/芥末醬,調味料及香辛料類
4591,罐頭鮭魚PinkSalmon,加工調理食品及其他類
4592,洋蔥中小型切碎,蔬菜類
4593,紅蘿蔔切碎,蔬菜類
4594,冷凍蝦仁,豆魚蛋肉類
4595,乾番茄切碎,蔬菜類
4596,jalapeno醃辣椒切碎,加工調理食品及其他類
4597,鹽燙蝦用,豆魚蛋肉類
4598,綜合堅果松子、核桃、黑白芝麻,油脂與堅果種子類
4599,無鹽奶油隔水融化,油脂與堅果種子類
4600,紅藜,全榖雜糧類
4601,熱水（100度C）,未分類
4602,醃料蔥,調味料及香辛料類
4603,醃料香菜,加工調理食品及其他類
4604,醃料蒜頭,調味料及香辛料類
4605,醃料味霖,未分類
4606,醃料白醋,加工調理食品及其他類
4607,醃料鹽,未分類
4608,烘烤過的核果類,油脂與堅果種子類
4609,1新鮮生玉米粒,全榖雜糧類
4610,2蔥末,未分類
4611,3去皮雞腿肉,豆魚蛋肉類
4612,4洋蔥,蔬菜類
4613,5香菜,調味料及香辛料類
4614,6醬油,調味料及香辛料類
4615,7白芝麻由,油脂與堅果種子類
4616,美生菜,蔬菜類
4617,9檸檬,水果類
4618,Niji'sDiet日機纖果奶昔【野莓皇后】,未分類
4619,林鳳營鮮乳,乳品類
4620,市售蜜柑口味果凍,未分類
4621,咖哩,調味料及香辛料類
4622,薑、鹽,油脂與堅果種子類
4623,鹽、味霖、烏醋,調味料及香辛料類
4624,小湯圓,加工調理食品及其他類
4625,金針花,蔬菜類
4626,大燕麥,全榖雜糧類
4627,西葫蘆,蔬菜類
4628,香米,調味料及香辛料類
4629,生抽醬油,調味料及香辛料類
4630,小胡蘿蔔,蔬菜類
4631,芥末,蔬菜類
4632,天然低脂酸奶,乳品類
4633,乾乳酪,乳品類
4634,低脂人造奶油,油脂與堅果種子類
4635,低鹽高湯,調味料及香辛料類
4636,磨碎生薑,調味料及香辛料類
4637,剁碎辣椒,加工調理食品及其他類
4638,紅辣椒切片,調味料及香辛料類
4639,蘋果汁,水果類
4640,低脂優格,乳品類
4641,乾藍莓,未分類
4642,優質蛋白粉,加工調理食品及其他類
4643,半紅尖椒,調味料及香辛料類
4644,桂枝,未分類
4645,胡麻油,油脂與堅果種子類
4646,豬頸肉,豆魚蛋肉類
4647,磨牙餅,加工調理食品及其他類
4648,草莓果醬,調味料及香辛料類
4649,潤餅皮,加工調理食品及其他類
4650,超市蝦仁小盒裝,豆魚蛋肉類
4651,嫩豆腐盒裝,加工調理食品及其他類
4652,熱狗,加工調理食品及其他類
4653,黑胡椒粉、烹大師,調味料及香辛料類
4654,豬腿肉（薄片）,豆魚蛋肉類
4655,青蒜,調味料及香辛料類
4656,芡汁,油脂與堅果種子類
4657,大豆（水煮）,豆魚蛋肉類
4658,涼麵蘸醬,調味料及香辛料類
4659,竹筍（水煮）,豆魚蛋肉類
4660,中華高湯,調味料及香辛料類
4661,鱈魚子,豆魚蛋肉類
4662,西式高湯,調味料及香辛料類
4663,香芹（乾）,豆魚蛋肉類
4664,生鮭魚,豆魚蛋肉類
4665,鮭魚子,豆魚蛋肉類
4666,凱薩沙拉醬,調味料及香辛料類
4667,蕪菁,未分類
4668,舞茸,蔬菜類
4669,海帶芽(乾),豆魚蛋肉類
4670,梅肉,豆魚蛋肉類
4671,豬腿肉(薄片),豆魚蛋肉類
4672,炒白芝麻,油脂與堅果種子類
4673,蚵,加工調理食品及其他類
4674,節瓜片,蔬菜類
4675,黑蒟蒻片,全榖雜糧類
4676,白蒟蒻片,全榖雜糧類
4677,海菜,蔬菜類
4678,黑醋或白醋,豆魚蛋肉類
4679,斜管麵,加工調理食品及其他類
4680,干貝也可用鮭魚,豆魚蛋肉類
4681,豆渣,油脂與堅果種子類
4682,義大利香粒,蔬菜類
4683,其他自己喜好的蔬菜,蔬菜類
4684,欲米粉,加工調理食品及其他類
4685,豆漿鮮奶油,加工調理食品及其他類
4686,馬鈴薯中型,全榖雜糧類
4687,蘋果中型,水果類
4688,低卡沙拉,加工調理食品及其他類
4689,切絲中型大白菜,蔬菜類
4690,切絲木耳,蔬菜類
4691,切絲胡蘿蔔絲,蔬菜類
4692,切絲蔥,調味料及香辛料類
4693,香菜段,調味料及香辛料類
4694,蒟蒻蝦仁,加工調理食品及其他類
4695,粉類（基本上是任何粉類都可以，我是用地瓜粉）,未分類
4696,桂冠蛋餃,加工調理食品及其他類
4697,桂冠魚餃,加工調理食品及其他類
4698,桂冠花枝餃,加工調理食品及其他類
4699,•冰奶油,油脂與堅果種子類
4700,•鹽,加工調理食品及其他類
4701,•泡打粉,加工調理食品及其他類
4702,•糖,調味料及香辛料類
4703,•中筋麵粉,全榖雜糧類
4704,•蛋,豆魚蛋肉類
4705,•醋,調味料及香辛料類
4706,冰牛奶,水果類
4707,•巧克力碎片（或巧克力豆）,加工調理食品及其他類
4708,以下為糖衣用,未分類
4709,•砂糖,糖類
4710,•蛋汁,豆魚蛋肉類
4711,鹽或雞粉,加工調理食品及其他類
4712,百里香葉,水果類
4713,迷迭香葉,調味料及香辛料類
